Year,OuderRegioNaam,Unnamed: 0,Kiesgerechtigden,Opkomst,OngeldigeStemmen,BlancoStemmen,GeldigeStemmen,VVD,PVV (Partij voor de Vrijheid),CDA,Democraten 66 (D66),GROENLINKS,SP (Socialistische Partij),Partij van de Arbeid (P.v.d.A.),ChristenUnie,Partij voor de Dieren,50PLUS,Staatkundig Gereformeerde Partij (SGP),DENK,Forum voor Democratie,Volt,JA21,BBB,BIJ1,Piratenpartij,Rooms-Katholieke Staatspartij (RKSP),Sociaal-Democratische Arbeiderspartij (SDAP),Anti-Revolutionaire Partij,Liberale Unie,CHU 1,Vrijzinnig-Democratische Bond (VDB),CHU 2,Vrijheidsbond 1,Vrijheidsbond 2,Communistische Partij van Nederland,HGSP,Christelijk-Historische Unie,Liberale Staatspartij (LSP),Rooms-Katholieke Volkspartij (RKVP),Plattelandersbond,Christelijk-Democratische Unie,Nationaal-Socialistische Beweging (NSB),Katholieke Volkspartij (KVP),Partij van de Vrijheid,Overig,Lijst Welter,Katholieke Nationale Partij,Gereformeerd Politiek Verbond (GPV),Pacifistisch-Socialistische Partij (PSP),Boeren Partij,Democratisch Socialisten '70,Politieke Partij Radikalen (PPR),Nederlandse Middenstands Partij,Rooms Katholieke Partij Nederland (RKPN),Reformatorische Politieke Federatie (RPF),Evangelische Volkspartij,CP,Centrumdemocraten,GL,De Groenen,Algemeen Ouderen Verbond (AOV),Ouderen Unie 55+,Lijst Pim Fortuyn,LN,Verenigde Senioren Partij,ETnNL,TROTS op Nederland Lijst Rita Verdonk
1918,Drenthe,18985,43812,38865,0,0,38865,0,0,0,0,0,0,0,0,0,0,0,0,0,0,0,0,0,0,1729,11445,7027,6785,2123,4366,1363,0,0,0,0,0,0,0,0,0,0,0,0,0,0,0,0,0,0,0,0,0,0,0,0,0,0,0,0,0,0,0,0,0,0,0
1918,Fryslân,22729,94179,84342,0,0,84342,0,0,0,0,0,0,0,0,0,0,0,0,0,0,0,0,0,0,5430,26818,18694,5384,11860,3874,184,0,0,0,0,0,0,0,0,0,0,0,0,0,0,0,0,0,0,0,0,0,0,0,0,0,0,0,0,0,0,0,0,0,0,0
1918,Gelderland,56471,164900,147438,0,0,147438,0,0,0,0,0,0,0,0,0,0,832,0,0,0,0,0,0,0,45841,27835,20719,8639,9278,6339,2379,0,0,0,0,0,0,0,0,0,0,0,0,0,0,0,0,0,0,0,0,0,0,0,0,0,0,0,0,0,0,0,0,0,0,0
1918,Groningen,33839,82332,71923,0,0,71923,0,0,0,0,0,0,0,0,0,0,0,0,0,0,0,0,0,0,3629,24906,15222,3659,4409,11064,108,0,0,0,0,0,0,0,0,0,0,0,0,0,0,0,0,0,0,0,0,0,0,0,0,0,0,0,0,0,0,0,0,0,0,0
1918,Limburg,67873,83876,77769,0,0,77769,0,0,0,0,0,0,0,0,0,0,0,0,0,0,0,0,0,0,63774,7077,181,995,341,2098,0,0,0,0,0,0,0,0,0,0,0,0,0,0,0,0,0,0,0,0,0,0,0,0,0,0,0,0,0,0,0,0,0,0,0,0
1918,Noord-Brabant,97624,159410,146164,0,0,146164,0,0,0,0,0,0,0,0,0,0,0,0,0,0,0,0,0,0,119548,8150,5158,1133,3239,1166,155,0,0,0,0,0,0,0,0,0,0,0,0,0,0,0,0,0,0,0,0,0,0,0,0,0,0,0,0,0,0,0,0,0,0,0
1918,Noord-Holland,77286,300325,256743,0,0,256743,0,0,0,0,0,0,0,0,0,0,0,0,0,0,0,0,0,0,56291,60376,19760,17695,10197,21630,630,0,0,0,0,0,0,0,0,0,0,0,0,0,0,0,0,0,0,0,0,0,0,0,0,0,0,0,0,0,0,0,0,0,0,0
1918,Overijssel,31727,100977,91316,0,0,91316,0,0,0,0,0,0,0,0,0,0,1223,0,0,0,0,0,0,0,23481,18934,12784,6731,6637,4655,3140,0,0,0,0,0,0,0,0,0,0,0,0,0,0,0,0,0,0,0,0,0,0,0,0,0,0,0,0,0,0,0,0,0,0,0
1918,Total,1118,1517380,1337777,0,0,1337777,0,0,0,0,0,0,0,0,0,0,4958,0,0,0,0,0,0,0,402943,294393,180210,82804,78572,70607,9663,0,0,0,0,0,0,0,0,0,0,0,0,0,0,0,0,0,0,0,0,0,0,0,0,0,0,0,0,0,0,0,0,0,0,0
1918,Utrecht,42480,74033,62477,0,0,62477,0,0,0,0,0,0,0,0,0,0,144,0,0,0,0,0,0,0,18556,12927,13233,1286,5400,3367,0,0,0,0,0,0,0,0,0,0,0,0,0,0,0,0,0,0,0,0,0,0,0,0,0,0,0,0,0,0,0,0,0,0,0,0
1918,Zeeland,65131,55722,50117,0,0,50117,0,0,0,0,0,0,0,0,0,0,2269,0,0,0,0,0,0,0,9554,4917,10340,10268,4323,2971,304,0,0,0,0,0,0,0,0,0,0,0,0,0,0,0,0,0,0,0,0,0,0,0,0,0,0,0,0,0,0,0,0,0,0,0
1918,Zuid-Holland,110258,357814,310623,0,0,310623,0,0,0,0,0,0,0,0,0,0,490,0,0,0,0,0,0,0,55110,91008,57092,20229,20765,9077,1400,0,0,0,0,0,0,0,0,0,0,0,0,0,0,0,0,0,0,0,0,0,0,0,0,0,0,0,0,0,0,0,0,0,0,0
1922,Drenthe,14740,91600,81851,759,260,80832,0,0,0,0,0,0,0,0,0,0,101,0,0,0,0,0,0,0,4207,19243,15180,0,415,5912,9786,1241,7522,560,0,0,0,0,0,0,0,0,0,0,0,0,0,0,0,0,0,0,0,0,0,0,0,0,0,0,0,0,0,0,0,0
1922,Fryslân,17627,196068,180602,4447,0,176155,0,0,0,0,0,0,0,0,0,0,359,0,0,0,0,0,0,0,11991,43538,40790,0,32513,8337,517,786,16982,1035,651,0,0,0,0,0,0,0,0,0,0,0,0,0,0,0,0,0,0,0,0,0,0,0,0,0,0,0,0,0,0,0
1922,Gelderland,41013,321711,298803,3277,171,295355,0,0,0,0,0,0,0,0,0,0,2491,0,0,0,0,0,0,0,99427,45105,39400,0,2507,13374,34726,36340,2346,1998,2077,0,0,0,0,0,0,0,0,0,0,0,0,0,0,0,0,0,0,0,0,0,0,0,0,0,0,0,0,0,0,0
1922,Groningen,13815,126111,101209,1406,51,99741,0,0,0,0,0,0,0,0,0,0,89,0,0,0,0,0,0,0,6962,23764,18578,0,400,10516,9517,703,6147,4088,626,0,0,0,0,0,0,0,0,0,0,0,0,0,0,0,0,0,0,0,0,0,0,0,0,0,0,0,0,0,0,0
1922,Limburg,51672,185224,168728,911,357,167560,0,0,0,0,0,0,0,0,0,0,0,0,0,0,0,0,0,0,137106,16694,865,0,223,1539,1297,537,786,1574,0,0,0,0,0,0,0,0,0,0,0,0,0,0,0,0,0,0,0,0,0,0,0,0,0,0,0,0,0,0,0,0
1922,Noord-Brabant,60531,254726,230303,1165,251,228932,0,0,0,0,0,0,0,0,0,0,753,0,0,0,0,0,0,0,184963,10412,8221,0,455,1864,5834,542,2958,758,355,0,0,0,0,0,0,0,0,0,0,0,0,0,0,0,0,0,0,0,0,0,0,0,0,0,0,0,0,0,0,0
1922,Noord-Holland,33591,525980,450048,30488,365,418277,0,0,0,0,0,0,0,0,0,0,711,0,0,0,0,0,0,0,91217,117238,36950,0,2068,38298,30485,28424,6397,24631,2505,0,0,0,0,0,0,0,0,0,0,0,0,0,0,0,0,0,0,0,0,0,0,0,0,0,0,0,0,0,0,0
1922,Overijssel,24604,199903,196403,3949,100,192354,0,0,0,0,0,0,0,0,0,0,1667,0,0,0,0,0,0,0,49722,38425,28732,0,1062,9995,28554,1790,11514,3138,988,0,0,0,0,0,0,0,0,0,0,0,0,0,0,0,0,0,0,0,0,0,0,0,0,0,0,0,0,0,0,0
1922,Total,854,2856448,2385548,49946,1812,2318918,0,0,0,0,0,0,0,0,0,0,17934,0,0,0,0,0,0,0,754423,499198,340703,0,43878,111946,211651,137916,61427,49662,18643,0,0,0,0,0,0,0,0,0,0,0,0,0,0,0,0,0,0,0,0,0,0,0,0,0,0,0,0,0,0,0
1922,Utrecht,32898,167724,14431,271,72,0,0,0,0,0,0,0,0,0,0,0,1940,0,0,0,0,0,0,0,41699,28703,30690,0,1364,5195,10692,8239,363,887,775,0,0,0,0,0,0,0,0,0,0,0,0,0,0,0,0,0,0,0,0,0,0,0,0,0,0,0,0,0,0,0
1922,Zuid-Holland,73740,787401,663170,3273,185,659712,0,0,0,0,0,0,0,0,0,0,9823,0,0,0,0,0,0,0,127129,156076,121297,0,2871,16916,80243,59314,6412,10993,10666,0,0,0,0,0,0,0,0,0,0,0,0,0,0,0,0,0,0,0,0,0,0,0,0,0,0,0,0,0,0,0
1925,Drenthe,16362,92410,86021,2117,73,83831,0,0,0,0,0,0,0,0,0,0,244,0,0,0,0,0,0,0,3570,24572,15023,0,0,9411,0,0,0,368,152,10539,5532,144,0,0,0,0,0,0,0,0,0,0,0,0,0,0,0,0,0,0,0,0,0,0,0,0,0,0,0,0
1925,Fryslân,19613,202567,186114,5445,0,180669,0,0,0,0,0,0,0,0,0,0,775,0,0,0,0,0,0,0,11329,50167,41167,0,0,12714,0,0,0,1316,1297,32788,13060,978,0,0,0,0,0,0,0,0,0,0,0,0,0,0,0,0,0,0,0,0,0,0,0,0,0,0,0,0
1925,Gelderland,46722,354326,339879,9597,359,329920,0,0,0,0,0,0,0,0,0,0,8273,0,0,0,0,0,0,0,98508,58425,38522,0,0,19851,0,0,0,765,3410,43714,31855,4777,0,0,0,0,0,0,0,0,0,0,0,0,0,0,0,0,0,0,0,0,0,0,0,0,0,0,0,0
1925,Groningen,19589,150047,131232,2165,97,128777,0,0,0,0,0,0,0,0,0,0,237,0,0,0,0,0,0,0,7516,44798,22855,0,0,15752,0,0,0,3430,1258,12888,9392,247,0,0,0,0,0,0,0,0,0,0,0,0,0,0,0,0,0,0,0,0,0,0,0,0,0,0,0,0
1925,Limburg,55239,193567,151283,700,338,149866,0,0,0,0,0,0,0,0,0,0,98,0,0,0,0,0,0,0,140053,23436,698,0,0,1744,0,0,0,452,135,984,953,3418,0,0,0,0,0,0,0,0,0,0,0,0,0,0,0,0,0,0,0,0,0,0,0,0,0,0,0,0
1925,Noord-Brabant,74711,355229,328694,4375,408,323911,0,0,0,0,0,0,0,0,0,0,1904,0,0,0,0,0,0,0,249852,21348,9127,0,0,4271,0,0,0,243,794,9432,4100,14563,0,0,0,0,0,0,0,0,0,0,0,0,0,0,0,0,0,0,0,0,0,0,0,0,0,0,0,0
1925,Noord-Holland,41826,569447,498348,3767,703,493865,0,0,0,0,0,0,0,0,0,0,2393,0,0,0,0,0,0,0,98464,159024,40333,0,0,49517,0,0,0,16618,5031,34742,40943,3426,0,0,0,0,0,0,0,0,0,0,0,0,0,0,0,0,0,0,0,0,0,0,0,0,0,0,0,0
1925,Overijssel,27135,209736,204826,388,346,204099,0,0,0,0,0,0,0,0,0,0,4350,0,0,0,0,0,0,0,48406,45050,27451,0,0,13454,0,0,0,2958,2020,29670,12173,3896,0,0,0,0,0,0,0,0,0,0,0,0,0,0,0,0,0,0,0,0,0,0,0,0,0,0,0,0
1925,Total,957,2928371,2779547,37959,3275,2737722,0,0,0,0,0,0,0,0,0,0,53149,0,0,0,0,0,0,0,833988,645446,330915,0,0,167053,0,0,0,34256,27753,273978,204940,38390,0,0,0,0,0,0,0,0,0,0,0,0,0,0,0,0,0,0,0,0,0,0,0,0,0,0,0,0
1925,Utrecht,36645,181136,163517,1112,11,162394,0,0,0,0,0,0,0,0,0,0,6537,0,0,0,0,0,0,0,38849,34673,27489,0,0,8353,0,0,0,553,1596,20622,10712,4056,0,0,0,0,0,0,0,0,0,0,0,0,0,0,0,0,0,0,0,0,0,0,0,0,0,0,0,0
1925,Zeeland,56242,76026,110406,4338,353,105705,0,0,0,0,0,0,0,0,0,0,8941,0,0,0,0,0,0,0,18817,12180,20410,0,0,7492,0,0,0,328,466,16555,10597,523,0,0,0,0,0,0,0,0,0,0,0,0,0,0,0,0,0,0,0,0,0,0,0,0,0,0,0,0
1925,Zuid-Holland,63362,543880,579227,3955,587,574685,0,0,0,0,0,0,0,0,0,0,19397,0,0,0,0,0,0,0,118624,171773,87840,0,0,24494,0,0,0,7225,11594,62044,65623,2362,0,0,0,0,0,0,0,0,0,0,0,0,0,0,0,0,0,0,0,0,0,0,0,0,0,0,0,0
1929,Drenthe,18326,100999,91090,3143,100,87847,0,0,0,0,0,0,0,0,0,0,308,0,0,0,0,0,0,0,3843,26631,15685,0,0,12078,0,0,0,0,320,12530,5517,209,6341,660,0,0,0,0,0,0,0,0,0,0,0,0,0,0,0,0,0,0,0,0,0,0,0,0,0,0
1929,Fryslân,22869,210363,195138,5539,0,189599,0,0,0,0,0,0,0,0,0,0,1062,0,0,0,0,0,0,0,12112,54541,42901,0,0,17994,0,0,0,0,1589,35309,11705,438,4014,1846,0,0,0,0,0,0,0,0,0,0,0,0,0,0,0,0,0,0,0,0,0,0,0,0,0,0
1929,Gelderland,52268,376066,363415,5408,743,357261,0,0,0,0,0,0,0,0,0,0,11676,0,0,0,0,0,0,0,112581,64516,37993,0,0,21050,0,0,0,0,4101,51657,34110,1857,3778,1136,0,0,0,0,0,0,0,0,0,0,0,0,0,0,0,0,0,0,0,0,0,0,0,0,0,0
1929,Groningen,32656,198449,179364,5083,135,174146,0,0,0,0,0,0,0,0,0,0,409,0,0,0,0,0,0,0,8566,60495,36427,0,0,19808,0,0,0,0,1722,17835,13966,356,4188,679,0,0,0,0,0,0,0,0,0,0,0,0,0,0,0,0,0,0,0,0,0,0,0,0,0,0
1929,Limburg,64032,214453,175005,1514,1022,175562,0,0,0,0,0,0,0,0,0,0,214,0,0,0,0,0,0,0,142373,19452,1167,0,0,1306,0,0,0,0,111,1593,1214,987,282,120,0,0,0,0,0,0,0,0,0,0,0,0,0,0,0,0,0,0,0,0,0,0,0,0,0,0
1929,Noord-Brabant,82610,370666,356936,221,117,356362,0,0,0,0,0,0,0,0,0,0,2338,0,0,0,0,0,0,0,282329,23405,9383,0,0,4088,0,0,0,0,1194,10807,3818,8978,735,101,0,0,0,0,0,0,0,0,0,0,0,0,0,0,0,0,0,0,0,0,0,0,0,0,0,0
1929,Noord-Holland,68773,673330,543004,3635,468,538915,0,0,0,0,0,0,0,0,0,0,3343,0,0,0,0,0,0,0,99829,188406,40164,0,0,48225,0,0,0,0,5361,38733,45199,3102,2848,3071,0,0,0,0,0,0,0,0,0,0,0,0,0,0,0,0,0,0,0,0,0,0,0,0,0,0
1929,Overijssel,30365,208324,225457,401,417,224660,0,0,0,0,0,0,0,0,0,0,5683,0,0,0,0,0,0,0,55935,55324,28708,0,0,13872,0,0,0,0,1731,34277,12851,2151,3030,1871,0,0,0,0,0,0,0,0,0,0,0,0,0,0,0,0,0,0,0,0,0,0,0,0,0,0
1929,Total,1078,3588106,3212329,42678,4299,3168258,0,0,0,0,0,0,0,0,0,0,71420,0,0,0,0,0,0,0,931832,762281,371698,0,0,193031,0,0,0,0,34442,335800,232187,21894,32301,12407,0,0,0,0,0,0,0,0,0,0,0,0,0,0,0,0,0,0,0,0,0,0,0,0,0,0
1929,Utrecht,41932,200438,186005,8904,0,177101,0,0,0,0,0,0,0,0,0,0,7864,0,0,0,0,0,0,0,45084,37337,29254,0,0,8944,0,0,0,0,1875,24348,12740,1338,1005,797,0,0,0,0,0,0,0,0,0,0,0,0,0,0,0,0,0,0,0,0,0,0,0,0,0,0
1929,Zeeland,62927,78266,102881,2804,390,99707,0,0,0,0,0,0,0,0,0,0,9285,0,0,0,0,0,0,0,18273,14940,16393,0,0,6737,0,0,0,0,609,19028,9613,309,1088,245,0,0,0,0,0,0,0,0,0,0,0,0,0,0,0,0,0,0,0,0,0,0,0,0,0,0
1929,Zuid-Holland,103745,956752,794034,6026,907,787098,0,0,0,0,0,0,0,0,0,0,29238,0,0,0,0,0,0,0,150907,217234,113623,0,0,38929,0,0,0,0,15829,89683,81454,2169,4992,1881,0,0,0,0,0,0,0,0,0,0,0,0,0,0,0,0,0,0,0,0,0,0,0,0,0,0
1933,Drenthe,18284,106189,100195,1584,3497,95114,0,0,0,0,0,0,0,0,0,0,393,0,0,0,0,0,0,0,3905,24429,18719,0,0,9201,0,0,0,1727,254,12030,10979,256,7128,1652,0,0,0,0,0,0,0,0,0,0,0,0,0,0,0,0,0,0,0,0,0,0,0,0,0,0
1933,Fryslân,21889,216676,203330,1941,3689,197700,0,0,0,0,0,0,0,0,0,0,1214,0,0,0,0,0,0,0,12284,48646,47552,0,0,20013,0,0,0,5972,1384,32950,10235,496,1953,7959,0,0,0,0,0,0,0,0,0,0,0,0,0,0,0,0,0,0,0,0,0,0,0,0,0,0
1933,Gelderland,52912,438951,405366,4478,11393,389506,0,0,0,0,0,0,0,0,0,0,14320,0,0,0,0,0,0,0,117023,70748,49572,0,0,17112,0,0,0,5650,3209,49730,27581,4559,11452,3854,0,0,0,0,0,0,0,0,0,0,0,0,0,0,0,0,0,0,0,0,0,0,0,0,0,0
1933,Groningen,32589,209006,194950,2355,5153,187442,0,0,0,0,0,0,0,0,0,0,322,0,0,0,0,0,0,0,8984,53352,43953,0,0,20699,0,0,0,10276,1717,17429,12098,369,3118,2771,0,0,0,0,0,0,0,0,0,0,0,0,0,0,0,0,0,0,0,0,0,0,0,0,0,0
1933,Limburg,63894,233975,224751,3790,6642,214319,0,0,0,0,0,0,0,0,0,0,937,0,0,0,0,0,0,0,156417,21895,2001,0,0,1275,0,0,0,2705,134,2172,773,5399,582,482,0,0,0,0,0,0,0,0,0,0,0,0,0,0,0,0,0,0,0,0,0,0,0,0,0,0
1933,Noord-Brabant,82219,424505,404412,5033,7226,392153,0,0,0,0,0,0,0,0,0,0,4941,0,0,0,0,0,0,0,295026,27884,11547,0,0,3473,0,0,0,1925,1157,12146,3837,13075,680,291,0,0,0,0,0,0,0,0,0,0,0,0,0,0,0,0,0,0,0,0,0,0,0,0,0,0
1933,Noord-Holland,68858,844441,798194,21630,16512,760052,0,0,0,0,0,0,0,0,0,0,4306,0,0,0,0,0,0,0,153904,209561,82563,0,0,55772,0,0,0,51929,5002,47403,65415,6245,7020,8399,0,0,0,0,0,0,0,0,0,0,0,0,0,0,0,0,0,0,0,0,0,0,0,0,0,0
1933,Overijssel,30295,269511,255974,3071,7362,245538,0,0,0,0,0,0,0,0,0,0,6759,0,0,0,0,0,0,0,57472,49121,34446,0,0,14211,0,0,0,6775,1584,33089,12582,5420,4289,6873,0,0,0,0,0,0,0,0,0,0,0,0,0,0,0,0,0,0,0,0,0,0,0,0,0,0
1933,Total,1076,4136519,3897502,68585,107097,3721828,0,0,0,0,0,0,0,0,0,0,93275,0,0,0,0,0,0,0,1037355,798632,499892,0,0,188952,0,0,0,118238,33930,339813,258750,40905,47688,38464,0,0,0,0,0,0,0,0,0,0,0,0,0,0,0,0,0,0,0,0,0,0,0,0,0,0
1933,Utrecht,40178,218838,206810,2711,6153,197946,0,0,0,0,0,0,0,0,0,0,9145,0,0,0,0,0,0,0,48396,41883,35036,0,0,7803,0,0,0,1978,1675,22309,15273,2408,1910,1370,0,0,0,0,0,0,0,0,0,0,0,0,0,0,0,0,0,0,0,0,0,0,0,0,0,0
1933,Zeeland,62791,132779,122212,2118,2836,117258,0,0,0,0,0,0,0,0,0,0,11102,0,0,0,0,0,0,0,21101,18049,21783,0,0,5623,0,0,0,647,728,19804,11353,270,1133,347,0,0,0,0,0,0,0,0,0,0,0,0,0,0,0,0,0,0,0,0,0,0,0,0,0,0
1933,Zuid-Holland,104441,1041648,981308,19874,36634,924800,0,0,0,0,0,0,0,0,0,0,39836,0,0,0,0,0,0,0,162843,233064,152720,0,0,33770,0,0,0,28654,17086,90751,88624,2408,8423,4466,0,0,0,0,0,0,0,0,0,0,0,0,0,0,0,0,0,0,0,0,0,0,0,0,0,0
1937,Drenthe,17947,114414,108194,2081,2706,103407,0,0,0,0,0,0,0,0,0,0,202,0,0,0,0,0,0,0,4940,25568,21267,0,0,14221,0,0,0,2193,243,10790,7142,0,411,5718,8936,0,0,0,0,0,0,0,0,0,0,0,0,0,0,0,0,0,0,0,0,0,0,0,0,0
1937,Fryslân,21047,227099,213138,2997,3434,206707,0,0,0,0,0,0,0,0,0,0,964,0,0,0,0,0,0,0,13971,47955,51109,0,0,24111,0,0,0,6307,1196,31909,7005,0,453,15667,3486,0,0,0,0,0,0,0,0,0,0,0,0,0,0,0,0,0,0,0,0,0,0,0,0,0
1937,Gelderland,51960,463698,439268,6384,9131,423765,0,0,0,0,0,0,0,0,0,0,13713,0,0,0,0,0,0,0,121845,81648,68557,0,0,24166,0,0,0,4530,1901,46349,17743,0,3026,5030,16744,0,0,0,0,0,0,0,0,0,0,0,0,0,0,0,0,0,0,0,0,0,0,0,0,0
1937,Groningen,31985,224512,210023,2832,3998,203193,0,0,0,0,0,0,0,0,0,0,238,0,0,0,0,0,0,0,10741,56054,46966,0,0,22745,0,0,0,11020,1252,13648,7954,0,152,18127,10551,0,0,0,0,0,0,0,0,0,0,0,0,0,0,0,0,0,0,0,0,0,0,0,0,0
1937,Limburg,62696,256761,247937,4211,6214,237512,0,0,0,0,0,0,0,0,0,0,127,0,0,0,0,0,0,0,192271,16971,3901,0,0,1035,0,0,0,3082,122,1604,496,0,164,378,12638,0,0,0,0,0,0,0,0,0,0,0,0,0,0,0,0,0,0,0,0,0,0,0,0,0
1937,Noord-Brabant,77920,462791,442854,4518,7872,430464,0,0,0,0,0,0,0,0,0,0,2201,0,0,0,0,0,0,0,330134,27769,17561,0,0,4451,0,0,0,2619,678,10496,2564,0,272,470,7025,0,0,0,0,0,0,0,0,0,0,0,0,0,0,0,0,0,0,0,0,0,0,0,0,0
1937,Noord-Holland,66623,905542,859117,26755,9074,823288,0,0,0,0,0,0,0,0,0,0,3330,0,0,0,0,0,0,0,171037,231533,128506,0,0,62258,0,0,0,67341,2955,37232,35329,0,505,15250,44683,0,0,0,0,0,0,0,0,0,0,0,0,0,0,0,0,0,0,0,0,0,0,0,0,0
1937,Overijssel,26513,290091,275579,3807,5240,266532,0,0,0,0,0,0,0,0,0,0,5680,0,0,0,0,0,0,0,66181,53989,41648,0,0,19250,0,0,0,6872,1109,30644,8664,0,402,12248,8995,0,0,0,0,0,0,0,0,0,0,0,0,0,0,0,0,0,0,0,0,0,0,0,0,0
1937,Total,1056,4462859,4212861,77239,77587,4058047,0,0,0,0,0,0,0,0,0,0,78619,0,0,0,0,0,0,0,1170431,891061,665501,0,0,239502,0,0,0,136026,23693,302829,160260,0,6548,85004,171137,0,0,0,0,0,0,0,0,0,0,0,0,0,0,0,0,0,0,0,0,0,0,0,0,0
1937,Utrecht,39428,244356,231520,3020,4215,224285,0,0,0,0,0,0,0,0,0,0,7569,0,0,0,0,0,0,0,55722,48212,49931,0,0,9913,0,0,0,3081,929,20069,9526,0,126,2785,10087,0,0,0,0,0,0,0,0,0,0,0,0,0,0,0,0,0,0,0,0,0,0,0,0,0
1937,Zeeland,60537,139861,128388,2443,2769,123176,0,0,0,0,0,0,0,0,0,0,10543,0,0,0,0,0,0,0,23243,18699,27056,0,0,10396,0,0,0,752,602,18746,7510,0,214,638,3356,0,0,0,0,0,0,0,0,0,0,0,0,0,0,0,0,0,0,0,0,0,0,0,0,0
1937,Zuid-Holland,100384,1133734,1056843,18191,22934,1015718,0,0,0,0,0,0,0,0,0,0,34052,0,0,0,0,0,0,0,180346,282663,208999,0,0,46956,0,0,0,28229,12706,81342,56327,0,823,8693,44636,0,0,0,0,0,0,0,0,0,0,0,0,0,0,0,0,0,0,0,0,0,0,0,0,0
1946,Drenthe,17251,0,125781,0,0,125781,0,0,0,0,0,0,49527,0,0,0,286,0,0,0,0,0,0,0,0,0,24099,0,0,0,0,0,0,8956,0,15151,0,0,0,0,0,7271,19865,0,0,0,0,0,0,0,0,0,0,0,0,0,0,0,0,0,0,0,0,0,0,0
1946,Fryslân,21929,0,236898,0,0,236898,0,0,0,0,0,0,88942,0,0,0,1567,0,0,0,0,0,0,0,0,0,56451,0,0,0,0,0,0,23840,0,37029,0,0,0,0,0,15794,11090,0,0,0,0,0,0,0,0,0,0,0,0,0,0,0,0,0,0,0,0,0,0,0
1946,Gelderland,50263,0,510578,0,0,510578,0,0,0,0,0,0,144365,0,0,0,18087,0,0,0,0,0,0,0,0,0,61041,0,0,0,0,0,0,23225,0,66159,0,0,0,0,0,161555,32811,0,0,0,0,0,0,0,0,0,0,0,0,0,0,0,0,0,0,0,0,0,0,0
1946,Groningen,30724,0,234763,0,0,234763,0,0,0,0,0,0,83354,0,0,0,281,0,0,0,0,0,0,0,0,0,52858,0,0,0,0,0,0,34174,0,21863,0,0,0,0,0,12965,26239,0,0,0,0,0,0,0,0,0,0,0,0,0,0,0,0,0,0,0,0,0,0,0
1946,Limburg,55396,0,298428,0,0,298428,0,0,0,0,0,0,37400,0,0,0,483,0,0,0,0,0,0,0,0,0,2731,0,0,0,0,0,0,16840,0,1632,0,0,0,0,0,237410,1932,0,0,0,0,0,0,0,0,0,0,0,0,0,0,0,0,0,0,0,0,0,0,0
1946,Noord-Brabant,69313,0,536595,0,0,536595,0,0,0,0,0,0,67079,0,0,0,3411,0,0,0,0,0,0,0,0,0,17602,0,0,0,0,0,0,12027,0,12331,0,0,0,0,0,416718,5733,0,0,0,0,0,0,0,0,0,0,0,0,0,0,0,0,0,0,0,0,0,0,0
1946,Noord-Holland,61361,0,922426,0,0,922426,0,0,0,0,0,0,300390,0,0,0,4509,0,0,0,0,0,0,0,0,0,92516,0,0,0,0,0,0,194787,0,38721,0,0,0,0,0,213723,64229,0,0,0,0,0,0,0,0,0,0,0,0,0,0,0,0,0,0,0,0,0,0,0
1946,Overijssel,25047,0,319575,0,0,319575,0,0,0,0,0,0,91770,0,0,0,8719,0,0,0,0,0,0,0,0,0,44484,0,0,0,0,0,0,33140,0,34718,0,0,0,0,0,85122,17157,0,0,0,0,0,0,0,0,0,0,0,0,0,0,0,0,0,0,0,0,0,0,0
1946,Total,1016,0,4760711,0,0,4760711,0,0,0,0,0,0,1347940,0,0,0,101761,0,0,0,0,0,0,0,0,0,614201,0,0,0,0,0,0,502963,0,373217,0,0,0,0,0,1466582,305285,0,0,0,0,0,0,0,0,0,0,0,0,0,0,0,0,0,0,0,0,0,0,0
1946,Utrecht,36054,0,271435,0,0,271435,0,0,0,0,0,0,78859,0,0,0,9483,0,0,0,0,0,0,0,0,0,46847,0,0,0,0,0,0,20503,0,26151,0,0,0,0,0,69956,16808,0,0,0,0,0,0,0,0,0,0,0,0,0,0,0,0,0,0,0,0,0,0,0
1946,Zeeland,55860,0,136186,0,0,136186,0,0,0,0,0,0,33497,0,0,0,13344,0,0,0,0,0,0,0,0,0,22225,0,0,0,0,0,0,3755,0,23542,0,0,0,0,0,28445,9799,0,0,0,0,0,0,0,0,0,0,0,0,0,0,0,0,0,0,0,0,0,0,0
1946,Zuid-Holland,91833,0,1165972,0,0,1165972,0,0,0,0,0,0,372160,0,0,0,41558,0,0,0,0,0,0,0,0,0,192991,0,0,0,0,0,0,131337,0,95766,0,0,0,0,0,217138,99580,0,0,0,0,0,0,0,0,0,0,0,0,0,0,0,0,0,0,0,0,0,0,0
1948,Drenthe,17251,144268,128490,0,0,128490,20181,0,0,0,0,0,48859,0,0,0,567,0,0,0,0,0,0,0,0,0,24350,0,0,0,0,0,0,6931,0,17703,0,0,0,0,0,7978,0,1672,249,0,0,0,0,0,0,0,0,0,0,0,0,0,0,0,0,0,0,0,0,0
1948,Fryslân,21929,261872,240000,0,0,240000,17568,0,0,0,0,0,79690,0,0,0,1662,0,0,0,0,0,0,0,0,0,58356,0,0,0,0,0,0,17146,0,42176,0,0,0,0,0,16711,0,6349,342,0,0,0,0,0,0,0,0,0,0,0,0,0,0,0,0,0,0,0,0,0
1948,Gelderland,50263,573051,538373,0,0,538373,44044,0,0,0,0,0,134310,0,0,0,22762,0,0,0,0,0,0,0,0,0,64758,0,0,0,0,0,0,16772,0,74911,0,0,0,0,0,168843,0,5847,6126,0,0,0,0,0,0,0,0,0,0,0,0,0,0,0,0,0,0,0,0,0
1948,Groningen,30724,261662,234323,0,0,234323,28146,0,0,0,0,0,78029,0,0,0,517,0,0,0,0,0,0,0,0,0,53643,0,0,0,0,0,0,26399,0,26745,0,0,0,0,0,13167,0,6821,856,0,0,0,0,0,0,0,0,0,0,0,0,0,0,0,0,0,0,0,0,0
1948,Limburg,55396,341421,319091,0,0,319091,2561,0,0,0,0,0,27334,0,0,0,273,0,0,0,0,0,0,0,0,0,3239,0,0,0,0,0,0,11661,0,2339,0,0,0,0,0,259958,0,2105,9621,0,0,0,0,0,0,0,0,0,0,0,0,0,0,0,0,0,0,0,0,0
1948,Noord-Brabant,69313,602532,560747,0,0,560747,8949,0,0,0,0,0,58925,0,0,0,3887,0,0,0,0,0,0,0,0,0,18467,0,0,0,0,0,0,9299,0,14788,0,0,0,0,0,433112,0,2981,10339,0,0,0,0,0,0,0,0,0,0,0,0,0,0,0,0,0,0,0,0,0
1948,Noord-Holland,61361,1060936,948285,0,0,948285,92883,0,0,0,0,0,276571,0,0,0,5385,0,0,0,0,0,0,0,0,0,106397,0,0,0,0,0,0,164315,0,50828,0,0,0,0,0,222262,0,19044,10600,0,0,0,0,0,0,0,0,0,0,0,0,0,0,0,0,0,0,0,0,0
1948,Overijssel,25047,357896,331782,0,0,331782,27556,0,0,0,0,0,83869,0,0,0,9698,0,0,0,0,0,0,0,0,0,44739,0,0,0,0,0,0,25071,0,46868,0,0,0,0,0,90715,0,1977,1289,0,0,0,0,0,0,0,0,0,0,0,0,0,0,0,0,0,0,0,0,0
1948,Total,1016,5413204,4931499,0,0,4931499,391861,0,0,0,0,0,1262888,0,0,0,116864,0,0,0,0,0,0,0,0,0,651080,0,0,0,0,0,0,381863,0,453136,0,0,0,0,0,1530794,0,80655,62358,0,0,0,0,0,0,0,0,0,0,0,0,0,0,0,0,0,0,0,0,0
1948,Utrecht,36054,313248,285300,0,0,285300,21712,0,0,0,0,0,71727,0,0,0,11266,0,0,0,0,0,0,0,0,0,53319,0,0,0,0,0,0,13791,0,31704,0,0,0,0,0,70554,0,6113,5114,0,0,0,0,0,0,0,0,0,0,0,0,0,0,0,0,0,0,0,0,0
1948,Zeeland,55860,154829,143647,0,0,143647,11446,0,0,0,0,0,35083,0,0,0,14195,0,0,0,0,0,0,0,0,0,23655,0,0,0,0,0,0,2478,0,24131,0,0,0,0,0,27926,0,3041,1692,0,0,0,0,0,0,0,0,0,0,0,0,0,0,0,0,0,0,0,0,0
1948,Zuid-Holland,91833,1340221,1197576,0,0,1197576,116692,0,0,0,0,0,367467,0,0,0,46580,0,0,0,0,0,0,0,0,0,199445,0,0,0,0,0,0,87343,0,120524,0,0,0,0,0,218712,0,24691,16122,0,0,0,0,0,0,0,0,0,0,0,0,0,0,0,0,0,0,0,0,0
1952,Drenthe,17176,153166,139834,0,0,139834,20726,0,0,0,0,0,58454,0,0,0,476,0,0,0,0,0,0,0,0,0,23441,0,0,0,0,0,0,6220,0,18005,0,0,0,0,0,8676,0,0,0,415,1716,0,0,0,0,0,0,0,0,0,0,0,0,0,0,0,0,0,0,0
1952,Fryslân,21837,266131,248622,0,0,248622,21505,0,0,0,0,0,91006,0,0,0,2084,0,0,0,0,0,0,0,0,0,56663,0,0,0,0,0,0,11459,0,40554,0,0,0,0,0,16563,0,0,0,1033,2542,0,0,0,0,0,0,0,0,0,0,0,0,0,0,0,0,0,0,0
1952,Gelderland,50261,616128,581752,0,0,581752,49426,0,0,0,0,0,166817,0,0,0,24418,0,0,0,0,0,0,0,0,0,62201,0,0,0,0,0,0,12939,0,78330,0,0,0,0,0,168154,0,0,0,12495,1917,0,0,0,0,0,0,0,0,0,0,0,0,0,0,0,0,0,0,0
1952,Groningen,29883,270639,246925,0,0,246925,31208,0,0,0,0,0,93940,0,0,0,571,0,0,0,0,0,0,0,0,0,45038,0,0,0,0,0,0,22288,0,25133,0,0,0,0,0,12864,0,0,0,1821,8473,0,0,0,0,0,0,0,0,0,0,0,0,0,0,0,0,0,0,0
1952,Limburg,55975,379588,350687,0,0,350687,3181,0,0,0,0,0,44777,0,0,0,296,0,0,0,0,0,0,0,0,0,3382,0,0,0,0,0,0,8198,0,3146,0,0,0,0,0,264546,0,0,0,21252,620,0,0,0,0,0,0,0,0,0,0,0,0,0,0,0,0,0,0,0
1952,Noord-Brabant,69451,655456,613137,0,0,613137,12164,0,0,0,0,0,92150,0,0,0,4068,0,0,0,0,0,0,0,0,0,17577,0,0,0,0,0,0,7794,0,16080,0,0,0,0,0,428161,0,0,0,31365,773,0,0,0,0,0,0,0,0,0,0,0,0,0,0,0,0,0,0,0
1952,Noord-Holland,60275,1119864,1023710,0,0,1023710,115802,0,0,0,0,0,335001,0,0,0,6341,0,0,0,0,0,0,0,0,0,98123,0,0,0,0,0,0,149519,0,53608,0,0,0,0,0,216161,0,0,0,28677,2798,0,0,0,0,0,0,0,0,0,0,0,0,0,0,0,0,0,0,0
1952,Overijssel,25777,387505,362669,0,0,362669,30905,0,0,0,0,0,97150,0,0,0,11140,0,0,0,0,0,0,0,0,0,40512,0,0,0,0,0,0,22409,0,51427,0,0,0,0,0,95418,0,0,0,4965,6597,0,0,0,0,0,0,0,0,0,0,0,0,0,0,0,0,0,0,0
1952,Total,1014,5781140,5335456,0,0,5335456,471038,0,0,0,0,0,1545844,0,0,0,129073,0,0,0,0,0,0,0,0,0,603170,0,0,0,0,0,0,328612,0,476188,0,0,0,0,0,1529434,0,0,0,144519,35494,0,0,0,0,0,0,0,0,0,0,0,0,0,0,0,0,0,0,0
1952,Utrecht,35293,333353,309159,0,0,309159,27419,0,0,0,0,0,87213,0,0,0,12637,0,0,0,0,0,0,0,0,0,46252,0,0,0,0,0,0,11330,0,36316,0,0,0,0,0,71881,0,0,0,8173,2794,0,0,0,0,0,0,0,0,0,0,0,0,0,0,0,0,0,0,0
1952,Zeeland,55628,161354,149590,0,0,149590,12020,0,0,0,0,0,41950,0,0,0,14156,0,0,0,0,0,0,0,0,0,20698,0,0,0,0,0,0,1281,0,23581,0,0,0,0,0,27714,0,0,0,1579,1339,0,0,0,0,0,0,0,0,0,0,0,0,0,0,0,0,0,0,0
1952,Zuid-Holland,91449,1432164,1302286,0,0,1302286,146320,0,0,0,0,0,435341,0,0,0,52748,0,0,0,0,0,0,0,0,0,187901,0,0,0,0,0,0,74878,0,129005,0,0,0,0,0,217603,0,0,0,32721,5817,0,0,0,0,0,0,0,0,0,0,0,0,0,0,0,0,0,0,0
1956,Drenthe,17009,161368,154579,5648,0,148931,22604,0,0,0,0,0,66412,0,0,0,441,0,0,0,0,0,0,0,0,0,23346,0,0,0,0,0,0,5015,0,18103,0,0,0,0,0,10294,0,0,0,0,1788,0,0,0,0,0,0,0,0,0,0,0,0,0,0,0,0,0,0,0
1956,Fryslân,21623,268412,256493,4122,0,252371,21159,0,0,0,0,0,103251,0,0,0,1853,0,0,0,0,0,0,0,0,0,55554,0,0,0,0,0,0,8887,0,40285,0,0,0,0,0,17511,0,0,0,0,2550,0,0,0,0,0,0,0,0,0,0,0,0,0,0,0,0,0,0,0
1956,Gelderland,46593,659379,638311,10902,0,627409,49332,0,0,0,0,0,196283,0,0,0,24040,0,0,0,0,0,0,0,0,0,58207,0,0,0,0,0,0,8924,0,82155,0,0,0,0,0,201872,0,0,0,0,1984,0,0,0,0,0,0,0,0,0,0,0,0,0,0,0,0,0,0,0
1956,Groningen,29591,275389,260447,6685,0,253762,32685,0,0,0,0,0,107193,0,0,0,615,0,0,0,0,0,0,0,0,0,43856,0,0,0,0,0,0,19404,0,24303,0,0,0,0,0,15048,0,0,0,0,8856,0,0,0,0,0,0,0,0,0,0,0,0,0,0,0,0,0,0,0
1956,Limburg,55414,415700,408619,10093,0,398526,3401,0,0,0,0,0,69790,0,0,0,181,0,0,0,0,0,0,0,0,0,3333,0,0,0,0,0,0,3995,0,2331,0,0,0,0,0,313149,0,0,0,0,273,0,0,0,0,0,0,0,0,0,0,0,0,0,0,0,0,0,0,0
1956,Noord-Brabant,68770,710188,691631,12234,0,679397,13569,0,0,0,0,0,111429,0,0,0,3950,0,0,0,0,0,0,0,0,0,18252,0,0,0,0,0,0,3822,0,15746,0,0,0,0,0,508688,0,0,0,0,641,0,0,0,0,0,0,0,0,0,0,0,0,0,0,0,0,0,0,0
1956,Noord-Holland,59678,1175379,1111898,25805,0,1086093,128368,0,0,0,0,0,405251,0,0,0,6543,0,0,0,0,0,0,0,0,0,89580,0,0,0,0,0,0,128799,0,55798,0,0,0,0,0,257451,0,0,0,0,3264,0,0,0,0,0,0,0,0,0,0,0,0,0,0,0,0,0,0,0
1956,Overijssel,25523,409559,395668,6354,0,389314,29416,0,0,0,0,0,123907,0,0,0,11594,0,0,0,0,0,0,0,0,0,39541,0,0,0,0,0,0,16168,0,51028,0,0,0,0,0,109062,0,0,0,0,7029,0,0,0,0,0,0,0,0,0,0,0,0,0,0,0,0,0,0,0
1956,Total,1004,6122068,5849607,121908,0,5727699,502530,0,0,0,0,0,1872201,0,0,0,129515,0,0,0,0,0,0,0,0,0,567529,0,0,0,0,0,0,272050,0,482915,0,0,0,0,0,1815288,0,0,0,0,37208,0,0,0,0,0,0,0,0,0,0,0,0,0,0,0,0,0,0,0
1956,Utrecht,32143,356500,340398,6291,0,334107,30995,0,0,0,0,0,108989,0,0,0,12321,0,0,0,0,0,0,0,0,0,43004,0,0,0,0,0,0,8573,0,37212,0,0,0,0,0,86334,0,0,0,0,3125,0,0,0,0,0,0,0,0,0,0,0,0,0,0,0,0,0,0,0
1956,Zeeland,55071,163845,155407,2975,0,152432,12322,0,0,0,0,0,48782,0,0,0,13654,0,0,0,0,0,0,0,0,0,19505,0,0,0,0,0,0,880,0,23467,0,0,0,0,0,31879,0,0,0,0,1244,0,0,0,0,0,0,0,0,0,0,0,0,0,0,0,0,0,0,0
1956,Zuid-Holland,90523,1516592,1425609,30727,0,1394882,157888,0,0,0,0,0,527983,0,0,0,54071,0,0,0,0,0,0,0,0,0,171293,0,0,0,0,0,0,67441,0,130968,0,0,0,0,0,261397,0,0,0,0,6288,0,0,0,0,0,0,0,0,0,0,0,0,0,0,0,0,0,0,0
1959,Drenthe,16926,170529,163660,5159,0,158501,29108,0,0,0,0,0,67418,0,0,0,389,0,0,0,0,0,0,0,0,0,24216,0,0,0,0,0,0,3010,0,18284,0,0,0,0,0,10880,0,0,0,0,1836,1003,1609,0,0,0,0,0,0,0,0,0,0,0,0,0,0,0,0,0
1959,Fryslân,21515,272590,260527,3933,0,256594,26656,0,0,0,0,0,99391,0,0,0,1689,0,0,0,0,0,0,0,0,0,56289,0,0,0,0,0,0,5162,0,41533,0,0,0,0,0,17697,0,0,0,0,2795,4421,0,0,0,0,0,0,0,0,0,0,0,0,0,0,0,0,0,0
1959,Gelderland,45465,697270,668694,12975,0,655719,72159,0,0,0,0,0,190802,0,0,0,23926,0,0,0,0,0,0,0,0,0,59537,0,0,0,0,0,0,4127,0,79755,0,0,0,0,0,209136,0,0,0,0,2289,4530,8092,0,0,0,0,0,0,0,0,0,0,0,0,0,0,0,0,0
1959,Groningen,29449,283531,268938,7362,0,261576,41804,0,0,0,0,0,106358,0,0,0,584,0,0,0,0,0,0,0,0,0,43863,0,0,0,0,0,0,12626,0,24356,0,0,0,0,0,15280,0,0,0,0,9099,4401,1315,0,0,0,0,0,0,0,0,0,0,0,0,0,0,0,0,0
1959,Limburg,55153,446756,434371,14302,0,420069,10347,0,0,0,0,0,63114,0,0,0,268,0,0,0,0,0,0,0,0,0,4165,0,0,0,0,0,0,3124,0,2750,0,0,0,0,0,334072,0,0,0,0,425,879,0,0,0,0,0,0,0,0,0,0,0,0,0,0,0,0,0,0
1959,Noord-Brabant,68425,757099,736630,17959,0,718671,30241,0,0,0,0,0,108893,0,0,0,4245,0,0,0,0,0,0,0,0,0,18828,0,0,0,0,0,0,3231,0,16189,0,0,0,0,0,532124,0,0,0,0,938,2433,0,0,0,0,0,0,0,0,0,0,0,0,0,0,0,0,0,0
1959,Noord-Holland,59367,1226675,1167241,30615,0,1136626,190387,0,0,0,0,0,376567,0,0,0,6462,0,0,0,0,0,0,0,0,0,84688,0,0,0,0,0,0,69489,0,56191,0,0,0,0,0,266501,0,0,0,0,3259,52945,10216,0,0,0,0,0,0,0,0,0,0,0,0,0,0,0,0,0
1959,Overijssel,25392,428400,413053,7182,0,405871,38935,0,0,0,0,0,121916,0,0,0,11147,0,0,0,0,0,0,0,0,0,40894,0,0,0,0,0,0,9927,0,52543,0,0,0,0,0,114170,0,0,0,0,7627,3743,3264,0,0,0,0,0,0,0,0,0,0,0,0,0,0,0,0,0
1959,Total,998,6425458,6143409,143879,0,5999530,732758,0,0,0,0,0,1821285,0,0,0,129678,0,0,0,0,0,0,0,0,0,563091,0,0,0,0,0,0,144542,0,486429,0,0,0,0,0,1895914,0,0,0,0,39972,110499,37774,0,0,0,0,0,0,0,0,0,0,0,0,0,0,0,0,0
1959,Utrecht,30263,379459,360990,7209,0,353781,48872,0,0,0,0,0,105147,0,0,0,11793,0,0,0,0,0,0,0,0,0,43464,0,0,0,0,0,0,3034,0,37471,0,0,0,0,0,90089,0,0,0,0,3496,5469,3135,0,0,0,0,0,0,0,0,0,0,0,0,0,0,0,0,0
1959,Zeeland,54808,167882,159015,3253,0,155762,17225,0,0,0,0,0,45661,0,0,0,13779,0,0,0,0,0,0,0,0,0,19491,0,0,0,0,0,0,576,0,23274,0,0,0,0,0,32807,0,0,0,0,1299,647,1003,0,0,0,0,0,0,0,0,0,0,0,0,0,0,0,0,0
1959,Zuid-Holland,89180,1582957,1497993,33856,0,1464137,225838,0,0,0,0,0,533002,0,0,0,55135,0,0,0,0,0,0,0,0,0,165216,0,0,0,0,0,0,30191,0,132196,0,0,0,0,0,270177,0,0,0,0,6639,29929,9116,0,0,0,0,0,0,0,0,0,0,0,0,0,0,0,0,0
1963,Drenthe,16623,180280,173339,5779,0,167560,26013,0,0,0,0,0,67177,0,0,0,771,0,0,0,0,0,0,0,0,0,24577,0,0,0,0,0,0,3418,0,19520,0,0,0,0,0,12781,0,0,0,0,2197,2986,7005,0,0,0,0,0,0,0,0,0,0,0,0,0,0,0,0,0
1963,Fryslân,21136,278338,265280,5305,0,259975,20944,0,0,0,0,0,91093,0,0,0,2170,0,0,0,0,0,0,0,0,0,56716,0,0,0,0,0,0,5562,0,42370,0,0,0,0,0,18858,0,0,0,0,3094,10153,7299,0,0,0,0,0,0,0,0,0,0,0,0,0,0,0,0,0
1963,Gelderland,44709,744161,713147,15324,0,697823,64900,0,0,0,0,0,190876,0,0,0,25955,0,0,0,0,0,0,0,0,0,55310,0,0,0,0,0,0,5524,0,89227,0,0,0,0,0,222503,0,0,0,0,3150,9413,22105,0,0,0,0,0,0,0,0,0,0,0,0,0,0,0,0,0
1963,Groningen,28933,290473,274957,8356,0,266601,34877,0,0,0,0,0,101443,0,0,0,1176,0,0,0,0,0,0,0,0,0,43149,0,0,0,0,0,0,13452,0,27049,0,0,0,0,0,17268,0,0,0,0,9905,9709,5847,0,0,0,0,0,0,0,0,0,0,0,0,0,0,0,0,0
1963,Limburg,53712,480812,463340,19365,0,443975,10168,0,0,0,0,0,57298,0,0,0,410,0,0,0,0,0,0,0,0,0,3789,0,0,0,0,0,0,5311,0,3736,0,0,0,0,0,343913,0,0,0,0,559,2320,10035,0,0,0,0,0,0,0,0,0,0,0,0,0,0,0,0,0
1963,Noord-Brabant,67214,823658,795973,23612,0,772361,31861,0,0,0,0,0,104380,0,0,0,4784,0,0,0,0,0,0,0,0,0,18229,0,0,0,0,0,0,3935,0,18511,0,0,0,0,0,555090,0,0,0,0,989,5765,16111,0,0,0,0,0,0,0,0,0,0,0,0,0,0,0,0,0
1963,Noord-Holland,57601,1268549,1195277,28320,0,1166957,160151,0,0,0,0,0,353238,0,0,0,7720,0,0,0,0,0,0,0,0,0,83321,0,0,0,0,0,0,84292,0,64145,0,0,0,0,0,282306,0,0,0,0,3605,74852,23352,0,0,0,0,0,0,0,0,0,0,0,0,0,0,0,0,0
1963,Overijssel,25516,462328,445197,7725,0,437472,34892,0,0,0,0,0,121498,0,0,0,12888,0,0,0,0,0,0,0,0,0,41387,0,0,0,0,0,0,10834,0,56965,0,0,0,0,0,122895,0,0,0,0,9164,8967,14126,0,0,0,0,0,0,0,0,0,0,0,0,0,0,0,0,0
1963,Total,980,6746362,6419446,161441,0,6258005,643820,0,0,0,0,0,1753025,0,0,0,143549,0,0,0,0,0,0,0,0,0,545718,0,0,0,0,0,0,173322,0,536782,0,0,0,0,0,1995348,0,0,0,0,46324,189370,133210,0,0,0,0,0,0,0,0,0,0,0,0,0,0,0,0,0
1963,Utrecht,28257,401629,382453,8039,0,374414,46200,0,0,0,0,0,102862,0,0,0,13317,0,0,0,0,0,0,0,0,0,41287,0,0,0,0,0,0,4402,0,43712,0,0,0,0,0,96450,0,0,0,0,4251,9789,6190,0,0,0,0,0,0,0,0,0,0,0,0,0,0,0,0,0
1963,Zeeland,48510,169812,160322,4033,0,156289,14601,0,0,0,0,0,42973,0,0,0,14363,0,0,0,0,0,0,0,0,0,18373,0,0,0,0,0,0,869,0,24654,0,0,0,0,0,32436,0,0,0,0,1454,1607,3214,0,0,0,0,0,0,0,0,0,0,0,0,0,0,0,0,0
1963,Zuid-Holland,86535,1645074,1548652,35571,0,1513081,199114,0,0,0,0,0,519734,0,0,0,59969,0,0,0,0,0,0,0,0,0,159342,0,0,0,0,0,0,35707,0,146643,0,0,0,0,0,290528,0,0,0,0,7914,53777,17911,0,0,0,0,0,0,0,0,0,0,0,0,0,0,0,0,0
1967,Drenthe,16084,204560,195328,6671,0,188657,26475,0,0,3982,0,0,67055,0,0,0,672,0,0,0,0,0,0,0,0,0,28412,0,0,0,0,0,0,5395,0,21458,0,0,0,0,0,13224,0,0,0,0,2936,3193,12356,0,0,0,0,0,0,0,0,0,0,0,0,0,0,0,0,0
1967,Fryslân,20476,304047,289640,6327,0,283313,22935,0,0,6806,0,0,89798,0,0,0,1888,0,0,0,0,0,0,0,0,0,64697,0,0,0,0,0,0,7920,0,43255,0,0,0,0,0,18475,0,0,0,0,3936,10062,9326,0,0,0,0,0,0,0,0,0,0,0,0,0,0,0,0,0
1967,Gelderland,43146,837015,801993,18558,0,783435,75961,0,0,26534,0,0,179181,0,0,0,25308,0,0,0,0,0,0,0,0,0,74771,0,0,0,0,0,0,9316,0,92072,0,0,0,0,0,213160,0,0,0,0,4808,11642,55054,0,0,0,0,0,0,0,0,0,0,0,0,0,0,0,0,0
1967,Groningen,27114,317885,301651,8564,0,293087,35236,0,0,7942,0,0,97441,0,0,0,677,0,0,0,0,0,0,0,0,0,48799,0,0,0,0,0,0,18655,0,28288,0,0,0,0,0,16108,0,0,0,0,11029,10330,13383,0,0,0,0,0,0,0,0,0,0,0,0,0,0,0,0,0
1967,Limburg,51291,543653,520834,27291,0,493543,24935,0,0,15229,0,0,58287,0,0,0,404,0,0,0,0,0,0,0,0,0,9232,0,0,0,0,0,0,10622,0,5063,0,0,0,0,0,314247,0,0,0,0,616,6499,29107,0,0,0,0,0,0,0,0,0,0,0,0,0,0,0,0,0
1967,Noord-Brabant,65099,947559,912863,32503,0,880360,66085,0,0,42447,0,0,92381,0,0,0,4845,0,0,0,0,0,0,0,0,0,35848,0,0,0,0,0,0,11627,0,21614,0,0,0,0,0,498568,0,0,0,0,1946,12442,59143,0,0,0,0,0,0,0,0,0,0,0,0,0,0,0,0,0
1967,Noord-Holland,53981,1366604,1286269,30032,0,1256237,164585,0,0,87111,0,0,310322,0,0,0,6371,0,0,0,0,0,0,0,0,0,105369,0,0,0,0,0,0,109399,0,64899,0,0,0,0,0,248950,0,0,0,0,5119,63388,52998,0,0,0,0,0,0,0,0,0,0,0,0,0,0,0,0,0
1967,Overijssel,24711,513327,493517,9343,0,484174,39181,0,0,13216,0,0,111715,0,0,0,12993,0,0,0,0,0,0,0,0,0,51063,0,0,0,0,0,0,13885,0,61495,0,0,0,0,0,123544,0,0,0,0,10689,11065,27911,0,0,0,0,0,0,0,0,0,0,0,0,0,0,0,0,0
1967,Total,942,7450680,7077798,198298,0,6879500,738229,0,0,307859,0,0,1620447,0,0,0,138119,0,0,0,0,0,0,0,0,0,681203,0,0,0,0,0,0,248330,0,560467,0,0,0,0,0,1822939,0,0,0,0,59218,197217,328186,0,0,0,0,0,0,0,0,0,0,0,0,0,0,0,0,0
1967,Utrecht,24013,446928,426344,10677,0,415667,54459,0,0,18640,0,0,94562,0,0,0,12651,0,0,0,0,0,0,0,0,0,50676,0,0,0,0,0,0,7374,0,45893,0,0,0,0,0,89169,0,0,0,0,5545,10425,16284,0,0,0,0,0,0,0,0,0,0,0,0,0,0,0,0,0
1967,Zeeland,41432,183653,173362,5502,0,167860,17475,0,0,3627,0,0,40795,0,0,0,14413,0,0,0,0,0,0,0,0,0,21188,0,0,0,0,0,0,1396,0,25218,0,0,0,0,0,29501,0,0,0,0,1878,2322,6771,0,0,0,0,0,0,0,0,0,0,0,0,0,0,0,0,0
1967,Zuid-Holland,74937,1781204,1671744,42783,0,1628961,210467,0,0,82176,0,0,477984,0,0,0,57848,0,0,0,0,0,0,0,0,0,190275,0,0,0,0,0,0,52702,0,150618,0,0,0,0,0,257215,0,0,0,0,10606,55765,45734,0,0,0,0,0,0,0,0,0,0,0,0,0,0,0,0,0
1971,Drenthe,15009,225148,186233,1471,0,184762,24896,0,0,7915,0,0,65806,0,0,0,652,0,0,0,0,0,0,0,0,0,26453,0,0,0,0,0,0,7330,0,16279,0,0,0,0,0,10894,0,0,0,0,5103,1260,2799,7298,1500,3492,0,0,0,0,0,0,0,0,0,0,0,0,0,0
1971,Fryslân,19106,320886,269193,1858,0,267335,20814,0,0,10844,0,0,84299,0,0,0,2751,0,0,0,0,0,0,0,0,0,57434,0,0,0,0,0,0,9317,0,33455,0,0,0,0,0,13798,0,0,0,0,7916,3700,2323,8279,3237,5644,0,0,0,0,0,0,0,0,0,0,0,0,0,0
1971,Gelderland,40328,922446,742923,4332,0,738591,73995,0,0,40379,0,0,178918,0,0,0,29410,0,0,0,0,0,0,0,0,0,62411,0,0,0,0,0,0,8781,0,69945,0,0,0,0,0,163357,0,0,0,0,10590,8232,12318,35233,11485,13043,0,0,0,0,0,0,0,0,0,0,0,0,0,0
1971,Groningen,22977,334198,277524,2083,0,275441,29621,0,0,11270,0,0,87588,0,0,0,745,0,0,0,0,0,0,0,0,0,42289,0,0,0,0,0,0,30404,0,18530,0,0,0,0,0,11375,0,0,0,0,14398,4061,2298,11355,3595,4042,0,0,0,0,0,0,0,0,0,0,0,0,0,0
1971,Limburg,46342,588824,432021,8158,0,423863,22095,0,0,30934,0,0,61925,0,0,0,276,0,0,0,0,0,0,0,0,0,6784,0,0,0,0,0,0,10134,0,2980,0,0,0,0,0,229571,0,0,0,0,686,4505,6174,18085,10030,4701,0,0,0,0,0,0,0,0,0,0,0,0,0,0
1971,Noord-Brabant,59522,1053869,794922,7267,0,787655,56307,0,0,54615,0,0,111904,0,0,0,4466,0,0,0,0,0,0,0,0,0,26885,0,0,0,0,0,0,11876,0,15024,0,0,0,0,0,388359,0,0,0,0,3129,10364,15472,31939,21270,11888,0,0,0,0,0,0,0,0,0,0,0,0,0,0
1971,Noord-Holland,43754,1447690,1143768,6274,0,1137494,139315,0,0,96119,0,0,286945,0,0,0,6334,0,0,0,0,0,0,0,0,0,72648,0,0,0,0,0,0,102543,0,40939,0,0,0,0,0,182039,0,0,0,0,10759,27352,8027,88095,26142,17142,0,0,0,0,0,0,0,0,0,0,0,0,0,0
1971,Overijssel,22214,553494,464076,2162,0,461914,36785,0,0,21955,0,0,110016,0,0,0,14937,0,0,0,0,0,0,0,0,0,44957,0,0,0,0,0,0,13405,0,49265,0,0,0,0,0,106203,0,0,0,0,13816,4154,7167,18627,5723,7660,0,0,0,0,0,0,0,0,0,0,0,0,0,0
1971,Total,871,8046969,6366579,46567,0,6320012,653606,0,0,428150,0,0,1554733,0,0,0,148221,0,0,0,0,0,0,0,0,0,542874,0,0,0,0,0,0,246594,0,399164,0,0,0,0,0,1380365,0,0,0,0,101797,90752,69678,336788,116065,95653,0,0,0,0,0,0,0,0,0,0,0,0,0,0
1971,Utrecht,21930,497531,397934,2954,0,394980,52505,0,0,25307,0,0,84357,0,0,0,14790,0,0,0,0,0,0,0,0,0,39427,0,0,0,0,0,0,6930,0,33081,0,0,0,0,0,68350,0,0,0,0,9528,6270,3041,29994,7711,4850,0,0,0,0,0,0,0,0,0,0,0,0,0,0
1971,Zeeland,17656,195790,155449,1447,0,154002,15199,0,0,6629,0,0,38477,0,0,0,14389,0,0,0,0,0,0,0,0,0,17341,0,0,0,0,0,0,1280,0,17690,0,0,0,0,0,20700,0,0,0,0,3604,812,2025,4908,4475,4092,0,0,0,0,0,0,0,0,0,0,0,0,0,0
1971,Zuid-Holland,69189,1898317,1494763,8538,0,1486225,181099,0,0,121617,0,0,443007,0,0,0,59343,0,0,0,0,0,0,0,0,0,144802,0,0,0,0,0,0,44476,0,101164,0,0,0,0,0,184652,0,0,0,0,22024,19950,7995,82518,20680,19070,0,0,0,0,0,0,0,0,0,0,0,0,0,0
1972,Drenthe,14935,253687,217871,857,491,216523,32932,0,0,6483,0,0,80643,0,0,0,656,0,0,0,0,0,0,0,0,0,31383,0,0,0,0,0,0,7003,0,15268,0,0,0,0,0,11416,0,0,0,0,6111,2153,5521,7391,6181,1350,466,0,0,0,0,0,0,0,0,0,0,0,0,0
1972,Fryslân,19010,354137,308904,1548,774,306582,30523,0,0,8580,0,0,97779,0,0,0,3312,0,0,0,0,0,0,0,0,0,64438,0,0,0,0,0,0,11238,0,33346,0,0,0,0,0,14296,0,0,0,0,9621,4123,4673,10568,9939,1326,1065,0,0,0,0,0,0,0,0,0,0,0,0,0
1972,Gelderland,40274,1035875,878877,2956,1365,874556,123200,0,0,28496,0,0,228559,0,0,0,33962,0,0,0,0,0,0,0,0,0,80158,0,0,0,0,0,0,15132,0,64339,0,0,0,0,0,159015,0,0,0,0,14661,10954,23741,31985,42814,3836,7187,0,0,0,0,0,0,0,0,0,0,0,0,0
1972,Groningen,22848,368412,316466,933,800,314733,37535,0,0,9708,0,0,109732,0,0,0,929,0,0,0,0,0,0,0,0,0,47673,0,0,0,0,0,0,26944,0,17018,0,0,0,0,0,10996,0,0,0,0,16329,5030,4721,11616,11058,1468,1130,0,0,0,0,0,0,0,0,0,0,0,0,0
1972,Limburg,46113,659514,509559,2885,3820,502854,61984,0,0,19943,0,0,101463,0,0,0,291,0,0,0,0,0,0,0,0,0,11302,0,0,0,0,0,0,14097,0,2098,0,0,0,0,0,220876,0,0,0,0,973,5964,12190,11270,23763,3582,10460,0,0,0,0,0,0,0,0,0,0,0,0,0
1972,Noord-Brabant,59230,1196510,964449,4774,3238,956437,129266,0,0,38582,0,0,193902,0,0,0,4785,0,0,0,0,0,0,0,0,0,41827,0,0,0,0,0,0,21590,0,12497,0,0,0,0,0,360904,0,0,0,0,4511,13495,35195,25801,49399,6063,14508,0,0,0,0,0,0,0,0,0,0,0,0,0
1972,Noord-Holland,42581,1578056,1325973,5187,3144,1317642,218758,0,0,69906,0,0,364871,0,0,0,6855,0,0,0,0,0,0,0,0,0,85501,0,0,0,0,0,0,130557,0,33026,0,0,0,0,0,167688,0,0,0,0,14421,32440,15783,73308,77965,4978,13005,0,0,0,0,0,0,0,0,0,0,0,0,0
1972,Overijssel,22111,616129,538302,1472,906,535924,58109,0,0,16038,0,0,134398,0,0,0,16614,0,0,0,0,0,0,0,0,0,53645,0,0,0,0,0,0,17514,0,47000,0,0,0,0,0,106585,0,0,0,0,18026,4846,14683,17365,21394,1810,4156,0,0,0,0,0,0,0,0,0,0,0,0,0
1972,Total,863,8915179,7445287,29855,21387,7394045,1068375,0,0,307048,0,0,2021454,0,0,0,163114,0,0,0,0,0,0,0,0,0,653609,0,0,0,0,0,0,330398,0,354463,0,0,0,0,0,1305401,0,0,0,0,131236,111262,143239,304714,354829,32970,67658,0,0,0,0,0,0,0,0,0,0,0,0,0
1972,Utrecht,21172,556508,473494,2683,1243,469568,82823,0,0,19577,0,0,108401,0,0,0,15933,0,0,0,0,0,0,0,0,0,48777,0,0,0,0,0,0,11987,0,26904,0,0,0,0,0,64843,0,0,0,0,12947,8045,6041,28046,27625,1456,3725,0,0,0,0,0,0,0,0,0,0,0,0,0
1972,Zeeland,13794,215469,178419,553,412,177454,25126,0,0,4943,0,0,48192,0,0,0,16257,0,0,0,0,0,0,0,0,0,20245,0,0,0,0,0,0,2035,0,16442,0,0,0,0,0,19634,0,0,0,0,4670,1308,3304,4896,7407,1082,1075,0,0,0,0,0,0,0,0,0,0,0,0,0
1972,Zuid-Holland,68853,2068932,1722156,5988,5186,1710982,266367,0,0,84297,0,0,551061,0,0,0,63337,0,0,0,0,0,0,0,0,0,166774,0,0,0,0,0,0,72031,0,85692,0,0,0,0,0,168008,0,0,0,0,28597,22807,17274,82018,76589,6012,10862,0,0,0,0,0,0,0,0,0,0,0,0,0
1977,Drenthe,14612,279586,254195,1282,0,252913,46148,0,68551,11239,0,422,105022,0,0,0,973,0,0,0,0,0,0,0,0,0,0,0,0,0,0,0,0,3087,0,0,0,0,0,0,0,0,0,0,0,0,4622,1488,3263,1420,3468,0,373,1823,0,0,0,0,0,0,0,0,0,0,0,0
1977,Fryslân,18603,384013,352067,2042,0,350025,42995,0,131075,15318,0,300,130718,0,0,0,3019,0,0,0,0,0,0,0,0,0,0,0,0,0,0,0,0,5279,0,0,0,0,0,0,0,0,0,0,0,0,5527,2641,2170,2001,4484,0,402,3189,0,0,0,0,0,0,0,0,0,0,0,0
1977,Gelderland,39217,1126979,1010927,3911,0,1007016,173519,0,357732,48328,0,4400,310582,0,0,0,37216,0,0,0,0,0,0,0,0,0,0,0,0,0,0,0,0,5890,0,0,0,0,0,0,0,0,0,0,0,0,7388,8955,13908,5482,17498,0,3625,9476,0,0,0,0,0,0,0,0,0,0,0,0
1977,Groningen,22364,388169,345514,1850,0,343664,49355,0,83539,14999,0,917,145782,0,0,0,950,0,0,0,0,0,0,0,0,0,0,0,0,0,0,0,0,14685,0,0,0,0,0,0,0,0,0,0,0,0,13757,4396,2281,1940,6470,0,515,2891,0,0,0,0,0,0,0,0,0,0,0,0
1977,Limburg,44585,716186,601458,6195,0,595263,87566,0,265498,19564,0,1409,179194,0,0,0,312,0,0,0,0,0,0,0,0,0,0,0,0,0,0,0,0,6693,0,0,0,0,0,0,0,0,0,0,0,0,456,4447,6092,2575,11432,0,6494,322,0,0,0,0,0,0,0,0,0,0,0,0
1977,Noord-Brabant,55396,1329194,1143689,6911,0,1136778,178933,0,496553,56471,0,6393,327059,0,0,0,5817,0,0,0,0,0,0,0,0,0,0,0,0,0,0,0,0,6447,0,0,0,0,0,0,0,0,0,0,0,0,1869,8785,12080,5248,18031,0,5759,1595,0,0,0,0,0,0,0,0,0,0,0,0
1977,Noord-Holland,38449,1622664,1419246,8426,0,1410820,306799,0,323507,102609,0,2450,499375,0,0,0,6877,0,0,0,0,0,0,0,0,0,0,0,0,0,0,0,0,63725,0,0,0,0,0,0,0,0,0,0,0,0,5724,20975,8539,16572,30260,0,6012,5771,0,0,0,0,0,0,0,0,0,0,0,0
1977,Overijssel,18603,660468,606049,1990,0,604059,79698,0,238885,25593,0,1337,187374,0,0,0,17422,0,0,0,0,0,0,0,0,0,0,0,0,0,0,0,0,6516,0,0,0,0,0,0,0,0,0,0,0,0,13231,3171,7508,2665,7859,0,2107,9295,0,0,0,0,0,0,0,0,0,0,0,0
1977,Total,842,9497999,8365829,48217,0,8317612,1492689,0,2652278,452423,0,24420,2813793,0,0,0,177010,0,0,0,0,0,0,0,0,0,0,0,0,0,0,0,0,143481,0,0,0,0,0,0,0,0,0,0,0,0,79421,77972,69914,59487,140910,89,33227,53220,0,0,0,0,0,0,0,0,0,0,0,0
1977,Utrecht,20371,600719,534267,3287,0,530980,117577,0,162194,35075,0,2591,149639,0,0,0,17245,0,0,0,0,0,0,0,0,0,0,0,0,0,0,0,0,5012,0,0,0,0,0,0,0,0,0,0,0,0,8385,6859,3486,3839,9827,0,2034,4790,0,0,0,0,0,0,0,0,0,0,0,0
1977,Zeeland,13500,231815,205436,906,0,204530,35432,0,61051,9059,0,186,66609,0,0,0,17145,0,0,0,0,0,0,0,0,0,0,0,0,0,0,0,0,890,0,0,0,0,0,0,0,0,0,0,0,0,3370,926,2127,1125,3135,0,678,1966,0,0,0,0,0,0,0,0,0,0,0,0
1977,Zuid-Holland,67354,2133091,1870272,11378,0,1858894,370380,0,457111,112645,0,3996,704940,0,0,0,69802,0,0,0,0,0,0,0,0,0,0,0,0,0,0,0,0,24592,0,0,0,0,0,0,0,0,0,0,0,0,14790,15193,8315,16454,27820,89,5193,11772,0,0,0,0,0,0,0,0,0,0,0,0
1981,Drenthe,14039,297822,271185,992,0,270193,48035,0,66991,25077,0,513,104325,0,0,0,825,0,0,0,0,0,0,0,0,0,0,0,0,0,0,0,0,3510,0,0,0,0,0,0,0,0,0,0,0,0,4302,3389,0,994,4379,0,0,4161,2325,146,0,0,0,0,0,0,0,0,0,0
1981,Fryslân,17859,410816,376366,1909,0,374457,47690,0,124243,35641,0,465,124372,0,0,0,2915,0,0,0,0,0,0,0,0,0,0,0,0,0,0,0,0,6184,0,0,0,0,0,0,0,0,0,0,0,0,5338,6377,0,1266,6617,0,0,7819,3875,125,0,0,0,0,0,0,0,0,0,0
1981,Gelderland,33756,1199745,1067241,5066,0,1062175,176356,0,365591,108308,0,4605,276698,0,0,0,35791,0,0,0,0,0,0,0,0,0,0,0,0,0,0,0,0,8134,0,0,0,0,0,0,0,0,0,0,0,0,5499,22136,0,4140,22623,0,0,17971,6028,641,0,0,0,0,0,0,0,0,0,0
1981,Groningen,20441,406419,360704,1501,0,359203,48131,0,76911,31739,0,1357,141002,0,0,0,772,0,0,0,0,0,0,0,0,0,0,0,0,0,0,0,0,14758,0,0,0,0,0,0,0,0,0,0,0,0,13357,9340,0,1489,7997,0,0,6167,3908,143,0,0,0,0,0,0,0,0,0,0
1981,Limburg,42841,764659,642330,5332,0,636998,80185,0,276054,71114,0,2247,161291,0,0,0,533,0,0,0,0,0,0,0,0,0,0,0,0,0,0,0,0,6730,0,0,0,0,0,0,0,0,0,0,0,0,499,10065,0,1801,12356,0,0,752,650,322,0,0,0,0,0,0,0,0,0,0
1981,Noord-Brabant,53229,1438874,1231305,6985,0,1224320,177356,0,522565,136722,0,8035,289411,0,0,0,5924,0,0,0,0,0,0,0,0,0,0,0,0,0,0,0,0,10708,0,0,0,0,0,0,0,0,0,0,0,0,1597,23665,0,4405,23309,0,0,4088,2248,858,0,0,0,0,0,0,0,0,0,0
1981,Noord-Holland,31789,1662054,1424185,9336,0,1414849,301754,0,320955,174962,0,2772,401200,0,0,0,6265,0,0,0,0,0,0,0,0,0,0,0,0,0,0,0,0,74341,0,0,0,0,0,0,0,0,0,0,0,0,4014,49394,0,13046,33685,0,0,11333,6211,5509,0,0,0,0,0,0,0,0,0,0
1981,Overijssel,17855,704254,641843,1789,0,640054,84488,0,241747,59061,0,1715,171833,0,0,0,17894,0,0,0,0,0,0,0,0,0,0,0,0,0,0,0,0,6725,0,0,0,0,0,0,0,0,0,0,0,0,13201,7718,0,2141,9712,0,0,15400,3841,341,0,0,0,0,0,0,0,0,0,0
1981,Total,809,10035951,8739070,47404,0,8691666,1505382,0,2678241,961063,0,30378,2458313,0,0,0,171326,0,0,0,0,0,0,0,0,0,0,0,0,0,0,0,0,178284,0,0,0,0,0,0,0,0,0,0,0,0,70878,184422,0,48574,171049,0,0,108365,45187,12242,0,0,0,0,0,0,0,0,0,0
1981,Utrecht,19562,640324,563590,2903,0,560687,122940,0,162019,63653,0,1997,126596,0,0,0,16637,0,0,0,0,0,0,0,0,0,0,0,0,0,0,0,0,8113,0,0,0,0,0,0,0,0,0,0,0,0,7714,14199,0,3241,14138,0,0,9904,3570,1079,0,0,0,0,0,0,0,0,0,0
1981,Zeeland,12977,247501,217689,893,0,216796,36946,0,64000,21465,0,278,58948,0,0,0,17284,0,0,0,0,0,0,0,0,0,0,0,0,0,0,0,0,1580,0,0,0,0,0,0,0,0,0,0,0,0,2635,2438,0,848,3859,0,0,4082,1081,273,0,0,0,0,0,0,0,0,0,0
1981,Zuid-Holland,61137,2212983,1898790,10579,0,1888211,373250,0,448068,226945,0,6330,589170,0,0,0,66208,0,0,0,0,0,0,0,0,0,0,0,0,0,0,0,0,35479,0,0,0,0,0,0,0,0,0,0,0,0,12271,34939,0,14905,31314,0,0,26034,11084,2669,0,0,0,0,0,0,0,0,0,0
1982,Drenthe,13426,303232,264708,895,0,263813,57626,0,62486,10195,0,710,108359,0,0,0,621,0,0,0,0,0,0,0,0,0,0,0,0,0,0,0,0,3368,0,0,0,0,0,0,0,0,0,0,0,0,4171,3366,0,681,3384,0,0,4497,2688,577,0,0,0,0,0,0,0,0,0,0
1982,Fryslân,17075,417579,366887,1342,0,365545,64403,0,115081,11627,0,747,135209,0,0,0,2277,0,0,0,0,0,0,0,0,0,0,0,0,0,0,0,0,4885,0,0,0,0,0,0,0,0,0,0,0,0,5150,5574,0,1026,4599,0,0,8348,5138,582,0,0,0,0,0,0,0,0,0,0
1982,Gelderland,32295,1222585,1019710,3485,0,1016225,226920,0,330242,42782,0,5812,284911,0,0,0,33142,0,0,0,0,0,0,0,0,0,0,0,0,0,0,0,0,8359,0,0,0,0,0,0,0,0,0,0,0,0,5088,20990,0,2767,18082,0,0,21259,7683,3266,0,0,0,0,0,0,0,0,0,0
1982,Groningen,19540,412205,347951,1439,0,346512,58485,0,72326,11857,0,1690,146150,0,0,0,589,0,0,0,0,0,0,0,0,0,0,0,0,0,0,0,0,14622,0,0,0,0,0,0,0,0,0,0,0,0,13131,8088,0,1146,5760,0,0,6352,4583,720,0,0,0,0,0,0,0,0,0,0
1982,Limburg,27556,778728,583360,4185,0,579175,107914,0,248188,27075,0,3772,151651,0,0,0,257,0,0,0,0,0,0,0,0,0,0,0,0,0,0,0,0,5701,0,0,0,0,0,0,0,0,0,0,0,0,407,12497,0,1501,10823,0,0,1037,772,1245,0,0,0,0,0,0,0,0,0,0
1982,Noord-Brabant,50897,1470605,1151298,5331,0,1145967,255899,0,459219,52944,0,10991,281424,0,0,0,5408,0,0,0,0,0,0,0,0,0,0,0,0,0,0,0,0,9581,0,0,0,0,0,0,0,0,0,0,0,0,1469,25775,0,3600,19379,0,0,4614,3107,4995,0,0,0,0,0,0,0,0,0,0
1982,Noord-Holland,30399,1675624,1336030,6443,0,1329587,361509,0,288592,60361,0,5334,420435,0,0,0,4790,0,0,0,0,0,0,0,0,0,0,0,0,0,0,0,0,57396,0,0,0,0,0,0,0,0,0,0,0,0,3415,49646,0,7316,26040,0,0,12515,7596,18584,0,0,0,0,0,0,0,0,0,0
1982,Overijssel,17066,718468,620787,2126,0,618661,112177,0,224714,24219,0,2618,174826,0,0,0,16251,0,0,0,0,0,0,0,0,0,0,0,0,0,0,0,0,6159,0,0,0,0,0,0,0,0,0,0,0,0,12748,8071,0,1504,8661,0,0,17386,4607,1782,0,0,0,0,0,0,0,0,0,0
1982,Total,774,10212368,8273631,37115,0,8236516,1900763,0,2420441,351278,0,44959,2503517,0,0,0,156636,0,0,0,0,0,0,0,0,0,0,0,0,0,0,0,0,147753,0,0,0,0,0,0,0,0,0,0,0,0,67163,187547,0,31047,136446,0,0,124235,56466,68423,0,0,0,0,0,0,0,0,0,0
1982,Utrecht,18714,654062,539214,1951,0,537263,148210,0,146631,24305,0,2705,136165,0,0,0,14942,0,0,0,0,0,0,0,0,0,0,0,0,0,0,0,0,7451,0,0,0,0,0,0,0,0,0,0,0,0,7557,14038,0,2073,10092,0,0,11569,5000,4553,0,0,0,0,0,0,0,0,0,0
1982,Zeeland,12404,251445,206883,802,0,206081,47905,0,56537,8449,0,671,57404,0,0,0,16929,0,0,0,0,0,0,0,0,0,0,0,0,0,0,0,0,1312,0,0,0,0,0,0,0,0,0,0,0,0,2460,2690,0,641,2939,0,0,4714,1816,947,0,0,0,0,0,0,0,0,0,0
1982,Zuid-Holland,58485,2246030,1786252,8964,0,1777288,446854,0,407095,74903,0,9660,589029,0,0,0,61176,0,0,0,0,0,0,0,0,0,0,0,0,0,0,0,0,26901,0,0,0,0,0,0,0,0,0,0,0,0,11105,35706,0,8574,25666,0,0,31214,12985,30269,0,0,0,0,0,0,0,0,0,0
1986,Drenthe,12380,319528,289329,760,0,288569,51466,0,77797,14995,0,661,125651,0,0,0,611,0,0,0,0,0,0,0,0,0,0,0,0,0,0,0,0,1059,0,0,0,0,0,0,0,0,0,0,0,0,5088,2004,0,0,3257,0,0,3124,870,0,443,0,0,0,0,0,0,0,0,0
1986,Flevoland,2217,119390,103227,222,0,103005,17740,0,30717,8166,0,253,34649,0,0,0,2676,0,0,0,0,0,0,0,0,0,0,0,0,0,0,0,0,814,0,0,0,0,0,0,0,0,0,0,0,0,1699,772,0,0,1359,0,0,1973,285,883,91,0,0,0,0,0,0,0,0,0
1986,Fryslân,11109,434149,393106,1150,0,391956,50972,0,136512,20189,0,628,154669,0,0,0,2390,0,0,0,0,0,0,0,0,0,0,0,0,0,0,0,0,1810,0,0,0,0,0,0,0,0,0,0,0,0,6387,3298,0,0,4483,0,0,5570,1996,517,152,0,0,0,0,0,0,0,0,0
1986,Gelderland,28749,1292740,1137092,3169,0,1133923,186245,0,424923,61038,0,3095,357278,0,0,0,34317,0,0,0,0,0,0,0,0,0,0,0,0,0,0,0,0,4165,0,0,0,0,0,0,0,0,0,0,0,0,7918,12668,0,0,15582,0,0,14849,2633,2226,677,0,0,0,0,0,0,0,0,0
1986,Groningen,17970,424337,372763,1110,0,371653,50029,0,85295,19988,0,1733,174157,0,0,0,593,0,0,0,0,0,0,0,0,0,0,0,0,0,0,0,0,5454,0,0,0,0,0,0,0,0,0,0,0,0,14468,5538,0,0,5914,0,0,4176,1409,543,244,0,0,0,0,0,0,0,0,0
1986,Limburg,25317,814725,677310,3090,0,674220,76373,0,310389,29717,0,2148,229047,0,0,0,301,0,0,0,0,0,0,0,0,0,0,0,0,0,0,0,0,2126,0,0,0,0,0,0,0,0,0,0,0,0,865,5430,0,0,6559,0,0,847,547,2182,0,0,0,0,0,0,0,0,0,0
1986,Noord-Brabant,46849,1556238,1320980,3923,0,1317057,202723,0,582675,73081,0,8714,389457,0,0,0,5740,0,0,0,0,0,0,0,0,0,0,0,0,0,0,0,0,4134,0,0,0,0,0,0,0,0,0,0,0,0,2552,14157,0,0,14425,0,0,3478,1742,3488,1132,0,0,0,0,0,0,0,0,0
1986,Noord-Holland,27996,1727877,1446487,4026,0,1442461,310174,0,399781,111377,0,2998,497617,0,0,0,4925,0,0,0,0,0,0,0,0,0,0,0,0,0,0,0,0,20367,0,0,0,0,0,0,0,0,0,0,0,0,5866,29047,0,0,21976,0,0,7725,3004,9739,3724,0,0,0,0,0,0,0,0,0
1986,Overijssel,14738,719468,646807,1396,0,645411,85607,0,265452,31052,0,1882,201293,0,0,0,14107,0,0,0,0,0,0,0,0,0,0,0,0,0,0,0,0,2332,0,0,0,0,0,0,0,0,0,0,0,0,14599,5058,0,0,6929,0,0,10982,1808,986,316,0,0,0,0,0,0,0,0,0
1986,Total,715,10726621,9199621,27462,0,9172159,1596991,0,3172918,562466,0,32144,3051678,0,0,0,159740,0,0,0,0,0,0,0,0,0,0,0,0,0,0,0,0,57847,0,0,0,0,0,0,0,0,0,0,0,0,88381,110182,0,0,115203,0,0,83582,21998,36741,12277,0,0,0,0,0,0,0,0,0
1986,Utrecht,17189,691638,602229,1707,0,600522,129470,0,202866,41898,0,2091,159827,0,0,0,15025,0,0,0,0,0,0,0,0,0,0,0,0,0,0,0,0,3563,0,0,0,0,0,0,0,0,0,0,0,0,9587,9702,0,0,10197,0,0,7053,1962,2448,799,0,0,0,0,0,0,0,0,0
1986,Zeeland,11405,259483,224607,735,0,223872,39887,0,73688,12351,0,278,66325,0,0,0,17621,0,0,0,0,0,0,0,0,0,0,0,0,0,0,0,0,480,0,0,0,0,0,0,0,0,0,0,0,0,3193,1476,0,0,2295,0,0,3251,732,550,275,0,0,0,0,0,0,0,0,0
1986,Zuid-Holland,39237,2327192,1955866,5822,0,1950044,384648,0,574264,137055,0,7613,657038,0,0,0,61005,0,0,0,0,0,0,0,0,0,0,0,0,0,0,0,0,11434,0,0,0,0,0,0,0,0,0,0,0,0,15777,20671,0,0,21951,0,0,20270,4897,13009,4321,0,0,0,0,0,0,0,0,0
1989,Drenthe,12209,333673,290529,1033,0,289496,44106,0,79529,18908,0,549,126174,0,0,0,747,0,0,0,0,0,0,0,0,0,0,0,0,0,0,0,0,0,0,0,0,0,0,0,0,0,0,0,0,0,5854,0,0,0,0,0,0,3036,0,0,839,8235,550,0,0,0,0,0,0,0
1989,Flevoland,2185,141111,113039,303,0,112736,19799,0,32197,10351,0,242,35428,0,0,0,2971,0,0,0,0,0,0,0,0,0,0,0,0,0,0,0,0,0,0,0,0,0,0,0,0,0,0,0,0,0,2390,0,0,0,0,0,0,2292,0,0,1603,4456,402,0,0,0,0,0,0,0
1989,Fryslân,10970,447496,389177,1219,0,387958,42682,0,134216,24934,0,422,153262,0,0,0,2435,0,0,0,0,0,0,0,0,0,0,0,0,0,0,0,0,0,0,0,0,0,0,0,0,0,0,0,0,0,7767,0,0,0,0,0,0,5522,0,0,927,13387,1001,0,0,0,0,0,0,0
1989,Gelderland,28081,1348345,1116176,3048,0,1113128,149185,0,425824,78142,0,3541,340094,0,0,0,36262,0,0,0,0,0,0,0,0,0,0,0,0,0,0,0,0,0,0,0,0,0,0,0,0,0,0,0,0,0,11460,0,0,0,0,0,0,15565,0,0,4931,41101,3169,0,0,0,0,0,0,0
1989,Groningen,17738,430248,361143,1028,0,360115,41588,0,84175,25171,0,1336,163724,0,0,0,739,0,0,0,0,0,0,0,0,0,0,0,0,0,0,0,0,0,0,0,0,0,0,0,0,0,0,0,0,0,15138,0,0,0,0,0,0,3993,0,0,1100,19295,1012,0,0,0,0,0,0,0
1989,Limburg,25002,838913,644991,2286,0,642705,58134,0,301547,35026,0,3482,214500,0,0,0,523,0,0,0,0,0,0,0,0,0,0,0,0,0,0,0,0,0,0,0,0,0,0,0,0,0,0,0,0,0,1567,0,0,0,0,0,0,793,0,0,3198,19128,1607,0,0,0,0,0,0,0
1989,Noord-Brabant,46229,1635853,1281262,3538,0,1277724,154921,0,576140,92398,0,13682,367170,0,0,0,6287,0,0,0,0,0,0,0,0,0,0,0,0,0,0,0,0,0,0,0,0,0,0,0,0,0,0,0,0,0,4026,0,0,0,0,0,0,3487,0,0,8294,42710,3560,0,0,0,0,0,0,0
1989,Noord-Holland,27624,1772273,1381831,4033,0,1377798,259761,0,387763,136911,0,2844,444444,0,0,0,5113,0,0,0,0,0,0,0,0,0,0,0,0,0,0,0,0,0,0,0,0,0,0,0,0,0,0,0,0,0,7959,0,0,0,0,0,0,7940,0,0,19089,85912,9100,0,0,0,0,0,0,0
1989,Overijssel,14551,750496,642154,1306,0,640848,68194,0,269443,38969,0,1371,196084,0,0,0,14993,0,0,0,0,0,0,0,0,0,0,0,0,0,0,0,0,0,0,0,0,0,0,0,0,0,0,0,0,0,16769,0,0,0,0,0,0,11182,0,0,2142,18299,1130,0,0,0,0,0,0,0
1989,Total,702,11091070,8902903,26389,0,8876514,1290427,0,3135056,700538,0,38829,2832739,0,0,0,165918,0,0,0,0,0,0,0,0,0,0,0,0,0,0,0,0,0,0,0,0,0,0,0,0,0,0,0,0,0,109458,0,0,0,0,0,0,85081,0,0,81337,361324,30698,0,0,0,0,0,0,0
1989,Utrecht,12332,748243,610014,1640,0,608374,109478,0,208680,56427,0,2244,153002,0,0,0,16339,0,0,0,0,0,0,0,0,0,0,0,0,0,0,0,0,0,0,0,0,0,0,0,0,0,0,0,0,0,12072,0,0,0,0,0,0,7981,0,0,6696,31122,2045,0,0,0,0,0,0,0
1989,Zeeland,11252,265016,216147,701,0,215446,30374,0,72995,14346,0,337,63686,0,0,0,17827,0,0,0,0,0,0,0,0,0,0,0,0,0,0,0,0,0,0,0,0,0,0,0,0,0,0,0,0,0,3757,0,0,0,0,0,0,3404,0,0,1436,6060,535,0,0,0,0,0,0,0
1989,Zuid-Holland,37878,2379403,1856440,6254,0,1850186,312205,0,562547,168955,0,8779,575171,0,0,0,61682,0,0,0,0,0,0,0,0,0,0,0,0,0,0,0,0,0,0,0,0,0,0,0,0,0,0,0,0,0,20699,0,0,0,0,0,0,19886,0,0,31082,71619,6587,0,0,0,0,0,0,0
1994,Drenthe,11031,345853,285035,0,620,284415,51894,0,56353,39612,0,2745,98157,0,0,0,687,0,0,0,0,0,0,0,0,0,0,0,0,0,0,0,0,0,0,0,0,0,0,0,0,0,0,0,0,0,6773,0,0,0,0,0,0,4700,0,0,3438,7071,315,5970,1781,0,0,0,0,0
1994,Flevoland,1975,174772,138562,0,343,138219,32584,0,24369,23486,0,1758,27849,0,0,0,3312,0,0,0,0,0,0,0,0,0,0,0,0,0,0,0,0,0,0,0,0,0,0,0,0,0,0,0,0,0,2848,0,0,0,0,0,0,3935,0,0,3273,4325,286,5750,1430,0,0,0,0,0
1994,Fryslân,9923,458765,378314,0,907,377407,53699,0,103625,47028,0,2139,119135,0,0,0,2187,0,0,0,0,0,0,0,0,0,0,0,0,0,0,0,0,0,0,0,0,0,0,0,0,0,0,0,0,0,8137,0,0,0,0,0,0,9745,0,0,4137,11478,498,8186,1617,0,0,0,0,0
1994,Gelderland,25465,1394723,1128895,0,3166,1125729,205673,0,278586,171850,0,11420,267997,0,0,0,35647,0,0,0,0,0,0,0,0,0,0,0,0,0,0,0,0,0,0,0,0,0,0,0,0,0,0,0,0,0,12670,0,0,0,0,0,0,30102,0,0,20569,37244,1475,31280,7256,0,0,0,0,0
1994,Groningen,8355,436260,347689,0,922,346767,49268,0,60082,48747,0,5883,120763,0,0,0,640,0,0,0,0,0,0,0,0,0,0,0,0,0,0,0,0,0,0,0,0,0,0,0,0,0,0,0,0,0,15716,0,0,0,0,0,0,6412,0,0,4379,15651,695,9657,2036,0,0,0,0,0
1994,Limburg,18449,851450,630174,0,3165,627009,92573,0,181084,90986,0,13847,153504,0,0,0,802,0,0,0,0,0,0,0,0,0,0,0,0,0,0,0,0,0,0,0,0,0,0,0,0,0,0,0,0,0,2574,0,0,0,0,0,0,1555,0,0,18523,20131,676,33871,6378,0,0,0,0,0
1994,Noord-Brabant,38479,1701828,1313766,0,4683,1309083,237315,0,355049,212945,0,29374,274599,0,0,0,6353,0,0,0,0,0,0,0,0,0,0,0,0,0,0,0,0,0,0,0,0,0,0,0,0,0,0,0,0,0,4760,0,0,0,0,0,0,6851,0,0,36351,37054,1391,74546,13439,0,0,0,0,0
1994,Noord-Holland,21735,1812865,1399525,0,3854,1395671,342020,0,226500,239447,0,12028,347060,0,0,0,3986,0,0,0,0,0,0,0,0,0,0,0,0,0,0,0,0,0,0,0,0,0,0,0,0,0,0,0,0,0,7935,0,0,0,0,0,0,12692,0,0,32761,68724,3647,57264,13610,0,0,0,0,0
1994,Overijssel,13178,779057,645336,0,1643,643693,99222,0,190671,83312,0,4994,155579,0,0,0,13818,0,0,0,0,0,0,0,0,0,0,0,0,0,0,0,0,0,0,0,0,0,0,0,0,0,0,0,0,0,18601,0,0,0,0,0,0,20567,0,0,9598,16330,839,13817,7782,0,0,0,0,0
1994,Total,636,11455924,9021283,0,39727,8981556,1792401,0,1996418,1391202,0,118768,2153135,0,0,0,155251,0,0,0,0,0,0,0,0,0,0,0,0,0,0,0,0,0,0,0,0,0,0,0,0,0,0,0,0,0,119158,0,0,0,0,0,0,158705,0,0,220734,311399,13902,326401,78147,0,0,0,0,0
1994,Utrecht,11173,781069,635945,0,2976,632969,147063,0,130232,107188,0,5703,121184,0,0,0,14558,0,0,0,0,0,0,0,0,0,0,0,0,0,0,0,0,0,0,0,0,0,0,0,0,0,0,0,0,0,12894,0,0,0,0,0,0,15648,0,0,15464,29716,888,18549,4818,0,0,0,0,0
1994,Zeeland,10185,271997,216252,0,726,215526,40440,0,44946,29146,0,1274,48282,0,0,0,16963,0,0,0,0,0,0,0,0,0,0,0,0,0,0,0,0,0,0,0,0,0,0,0,0,0,0,0,0,0,3781,0,0,0,0,0,0,6397,0,0,5959,5081,237,8077,2038,0,0,0,0,0
1994,Zuid-Holland,31982,2447285,1901790,0,16722,1885068,440650,0,344921,297455,0,27603,419026,0,0,0,56298,0,0,0,0,0,0,0,0,0,0,0,0,0,0,0,0,0,0,0,0,0,0,0,0,0,0,0,0,0,22469,0,0,0,0,0,0,40101,0,0,66282,58594,2955,59434,15962,0,0,0,0,0
1998,Drenthe,2648,356280,273110,0,268,272842,58988,0,48899,22051,0,7841,101773,0,0,0,675,0,0,0,0,0,0,0,0,0,0,0,0,0,0,0,0,0,0,0,0,0,0,0,0,0,0,0,0,0,6473,0,0,0,0,780,0,5249,0,0,0,15257,357,0,0,0,0,0,0,0
1998,Flevoland,1724,204917,149315,0,190,149125,43431,0,22117,13451,0,3959,38531,0,0,0,3456,0,0,0,0,0,0,0,0,0,0,0,0,0,0,0,0,0,0,0,0,0,0,0,0,0,0,0,0,0,3344,0,0,0,0,581,0,4978,0,0,891,9845,216,0,0,0,0,0,0,0
1998,Fryslân,8665,468739,364201,0,487,363714,59515,0,96174,25631,0,11753,122277,0,0,0,1876,0,0,0,0,0,0,0,0,0,0,0,0,0,0,0,0,0,0,0,0,0,0,0,0,0,0,0,0,0,6998,0,0,0,0,1110,0,8879,0,0,1364,24683,480,0,0,0,0,0,0,0
1998,Gelderland,22248,1433859,1088803,0,1605,1087198,249891,0,222216,88589,0,31164,315803,0,0,0,36330,0,0,0,0,0,0,0,0,0,0,0,0,0,0,0,0,0,0,0,0,0,0,0,0,0,0,0,0,0,11567,0,0,0,0,3318,0,33519,0,0,3682,72885,2027,0,0,0,0,0,0,0
1998,Groningen,7280,437263,326957,0,529,326428,53555,0,52341,28037,0,14034,120972,0,0,0,641,0,0,0,0,0,0,0,0,0,0,0,0,0,0,0,0,0,0,0,0,0,0,0,0,0,0,0,0,0,14778,0,0,0,0,727,0,6301,0,0,1351,26369,710,0,0,0,0,0,0,0
1998,Limburg,15331,860125,587796,0,1214,586582,124812,0,142627,43246,0,29183,175277,0,0,0,250,0,0,0,0,0,0,0,0,0,0,0,0,0,0,0,0,0,0,0,0,0,0,0,0,0,0,0,0,0,1017,0,0,0,0,1259,0,1364,0,0,5932,43757,923,0,0,0,0,0,0,0
1998,Noord-Brabant,18727,1753207,1236296,0,1795,1234501,302947,0,265677,103091,0,65077,356928,0,0,0,5450,0,0,0,0,0,0,0,0,0,0,0,0,0,0,0,0,0,0,0,0,0,0,0,0,0,0,0,0,0,3586,0,0,0,0,3660,0,7338,0,0,9403,82185,1827,0,0,0,0,0,0,0
1998,Noord-Holland,18974,1856158,1343957,0,2921,1341036,391465,0,167378,154610,0,41300,380784,0,0,0,3445,0,0,0,0,0,0,0,0,0,0,0,0,0,0,0,0,0,0,0,0,0,0,0,0,0,0,0,0,0,6588,0,0,0,0,4200,0,13881,0,0,8532,130442,4756,0,0,0,0,0,0,0
1998,Overijssel,11538,797807,624273,0,925,623348,116610,0,166671,41311,0,15966,180974,0,0,0,14077,0,0,0,0,0,0,0,0,0,0,0,0,0,0,0,0,0,0,0,0,0,0,0,0,0,0,0,0,0,18263,0,0,0,0,1443,0,19968,0,0,2847,35017,895,0,0,0,0,0,0,0
1998,Total,548,11755132,8622222,0,14435,8607787,2124971,0,1581053,773497,0,303703,2494555,0,0,0,153583,0,0,0,0,0,0,0,0,0,0,0,0,0,0,0,0,0,0,0,0,0,0,0,0,0,0,0,0,0,108724,0,0,0,0,23512,0,174593,0,0,52226,625968,16585,0,0,0,0,0,0,0
1998,Utrecht,9433,812212,621166,0,700,620466,171996,0,99056,70669,0,15824,146240,0,0,0,14860,0,0,0,0,0,0,0,0,0,0,0,0,0,0,0,0,0,0,0,0,0,0,0,0,0,0,0,0,0,12351,0,0,0,0,1651,0,18420,0,0,3441,53365,1310,0,0,0,0,0,0,0
1998,Zeeland,5379,276159,203550,0,268,203282,47393,0,34982,14024,0,5640,56515,0,0,0,16828,0,0,0,0,0,0,0,0,0,0,0,0,0,0,0,0,0,0,0,0,0,0,0,0,0,0,0,0,0,3577,0,0,0,0,549,0,7354,0,0,1161,11090,225,0,0,0,0,0,0,0
1998,Zuid-Holland,27931,2498406,1802798,0,3533,1799265,504368,0,262915,168787,0,61962,498481,0,0,0,55695,0,0,0,0,0,0,0,0,0,0,0,0,0,0,0,0,0,0,0,0,0,0,0,0,0,0,0,0,0,20182,0,0,0,0,4234,0,47342,0,0,13622,121073,2859,0,0,0,0,0,0,0
2002,Drenthe,2273,364876,291961,0,233,291728,47094,0,75827,14037,0,14625,69411,10043,0,0,1119,0,0,0,0,0,0,0,0,0,0,0,0,0,0,0,0,0,0,0,0,0,0,0,0,0,0,0,0,0,0,0,0,0,0,0,0,0,0,0,0,18029,0,0,0,35902,4100,891,0,0
2002,Flevoland,1542,238296,187509,0,182,187327,32283,0,44251,9316,0,8946,25744,8337,0,0,4219,0,0,0,0,0,0,0,0,0,0,0,0,0,0,0,0,0,0,0,0,0,0,0,0,0,0,0,0,0,0,0,0,0,0,0,0,0,0,0,0,12643,0,0,0,36082,4140,947,0,0
2002,Fryslân,7719,480774,393729,0,455,393274,48519,0,130364,16507,0,21926,77335,14473,0,0,2235,0,0,0,0,0,0,0,0,0,0,0,0,0,0,0,0,0,0,0,0,0,0,0,0,0,0,0,0,0,0,0,0,0,0,0,0,0,0,0,0,26010,0,0,0,48403,5867,1111,0,0
2002,Gelderland,17178,1465096,1188999,0,1428,1187571,175614,0,364064,56447,0,64610,180094,36518,0,0,38875,0,0,0,0,0,0,0,0,0,0,0,0,0,0,0,0,0,0,0,0,0,0,0,0,0,0,0,0,0,0,0,0,0,0,0,0,0,0,0,0,84053,0,0,0,165096,15609,3626,0,0
2002,Groningen,6497,442639,348224,0,426,347798,44471,0,77221,18220,0,23923,83174,19192,0,0,1341,0,0,0,0,0,0,0,0,0,0,0,0,0,0,0,0,0,0,0,0,0,0,0,0,0,0,0,0,0,0,0,0,0,0,0,0,0,0,0,0,31120,0,0,0,42432,4881,982,0,0
2002,Limburg,12286,865001,637760,0,843,636917,78545,0,233538,26222,0,36637,78823,2434,0,0,464,0,0,0,0,0,0,0,0,0,0,0,0,0,0,0,0,0,0,0,0,0,0,0,0,0,0,0,0,0,0,0,0,0,0,0,0,0,0,0,0,43108,0,0,0,120980,10990,3098,0,0
2002,Noord-Brabant,16496,1798220,1386493,0,1527,1384966,220213,0,450606,69395,0,98033,163624,9642,0,0,5812,0,0,0,0,0,0,0,0,0,0,0,0,0,0,0,0,0,0,0,0,0,0,0,0,0,0,0,0,0,0,0,0,0,0,0,0,0,0,0,0,88914,0,0,0,243989,22606,6829,0,0
2002,Noord-Holland,16022,1894355,1492264,0,3908,1488356,271091,0,306464,96393,0,109213,246301,18571,0,0,3942,0,0,0,0,0,0,0,0,0,0,0,0,0,0,0,0,0,0,0,0,0,0,0,0,0,0,0,0,0,0,0,0,0,0,0,0,0,0,0,0,129903,0,0,0,262287,30107,9715,0,0
2002,Overijssel,6510,816105,664913,0,608,664305,80424,0,245316,27086,0,31321,104501,34606,0,0,15834,0,0,0,0,0,0,0,0,0,0,0,0,0,0,0,0,0,0,0,0,0,0,0,0,0,0,0,0,0,0,0,0,0,0,0,0,0,0,0,0,39197,0,0,0,74100,8538,1912,0,0
2002,Total,496,12035935,9515226,0,14074,9501152,1466722,0,2653723,484317,0,560447,1436023,240953,0,0,163562,0,0,0,0,0,0,0,0,0,0,0,0,0,0,0,0,0,0,0,0,0,0,0,0,0,0,0,0,0,0,0,0,0,0,0,0,0,0,0,0,660692,0,0,0,1614801,153055,39005,0,0
2002,Utrecht,7731,845981,697100,0,1094,696006,121233,0,180113,41278,0,41450,91502,25587,0,0,15887,0,0,0,0,0,0,0,0,0,0,0,0,0,0,0,0,0,0,0,0,0,0,0,0,0,0,0,0,0,0,0,0,0,0,0,0,0,0,0,0,58769,0,0,0,105525,11014,2100,0,0
2002,Zeeland,4784,280962,224693,0,267,224426,31471,0,66419,8622,0,10143,29655,8237,0,0,18286,0,0,0,0,0,0,0,0,0,0,0,0,0,0,0,0,0,0,0,0,0,0,0,0,0,0,0,0,0,0,0,0,0,0,0,0,0,0,0,0,11796,0,0,0,35056,3437,932,0,0
2002,Zuid-Holland,23722,2543630,2001581,0,3103,1998478,315764,0,479540,100794,0,99620,285859,53313,0,0,55548,0,0,0,0,0,0,0,0,0,0,0,0,0,0,0,0,0,0,0,0,0,0,0,0,0,0,0,0,0,0,0,0,0,0,0,0,0,0,0,0,117150,0,0,0,444949,31766,6862,0,0
2003,Drenthe,2239,366027,303687,0,223,303464,51010,0,75297,10312,0,15377,114759,8726,1107,0,864,0,0,0,0,0,0,0,0,0,0,0,0,0,0,0,0,0,0,0,0,0,0,0,0,0,0,0,0,0,0,0,0,0,0,0,0,0,0,0,0,12538,0,0,0,11604,1065,0,0,0
2003,Flevoland,1520,242576,191499,0,174,191325,40749,0,47260,7859,0,10279,48882,6894,1038,0,4057,0,0,0,0,0,0,0,0,0,0,0,0,0,0,0,0,0,0,0,0,0,0,0,0,0,0,0,0,0,0,0,0,0,0,0,0,0,0,0,0,9198,0,0,0,13384,999,0,0,0
2003,Fryslân,7601,482668,403469,0,310,403159,50889,0,129190,11184,0,24356,134887,12946,1525,0,1819,0,0,0,0,0,0,0,0,0,0,0,0,0,0,0,0,0,0,0,0,0,0,0,0,0,0,0,0,0,0,0,0,0,0,0,0,0,0,0,0,17951,0,0,0,14875,2251,0,0,0
2003,Gelderland,17117,1469070,1214794,0,1203,1213591,199875,0,384101,43858,0,70411,323097,30535,5002,0,35665,0,0,0,0,0,0,0,0,0,0,0,0,0,0,0,0,0,0,0,0,0,0,0,0,0,0,0,0,0,0,0,0,0,0,0,0,0,0,0,0,62218,0,0,0,50727,3940,0,0,0
2003,Groningen,6399,444101,362409,0,319,362090,47194,0,74555,14100,0,26299,143333,17126,1620,0,1106,0,0,0,0,0,0,0,0,0,0,0,0,0,0,0,0,0,0,0,0,0,0,0,0,0,0,0,0,0,0,0,0,0,0,0,0,0,0,0,0,21804,0,0,0,12136,1081,0,0,0
2003,Limburg,11717,865126,651782,0,661,651121,91793,0,244319,19039,0,47116,173484,2172,3935,0,311,0,0,0,0,0,0,0,0,0,0,0,0,0,0,0,0,0,0,0,0,0,0,0,0,0,0,0,0,0,0,0,0,0,0,0,0,0,0,0,0,29060,0,0,0,34781,2903,0,0,0
2003,Noord-Brabant,15918,1801870,1410306,0,1514,1408792,257040,0,477654,51218,0,119011,332005,8143,5962,0,5104,0,0,0,0,0,0,0,0,0,0,0,0,0,0,0,0,0,0,0,0,0,0,0,0,0,0,0,0,0,0,0,0,0,0,0,0,0,0,0,0,59811,0,0,0,78870,6549,0,0,0
2003,Noord-Holland,15780,1898293,1503335,0,2863,1500472,322315,0,317221,85261,0,104547,434661,15290,10362,0,3190,0,0,0,0,0,0,0,0,0,0,0,0,0,0,0,0,0,0,0,0,0,0,0,0,0,0,0,0,0,0,0,0,0,0,0,0,0,0,0,0,103864,0,0,0,89987,6658,0,0,0
2003,Overijssel,6385,818355,684547,0,608,683939,92231,0,250104,20678,0,33713,186612,29833,0,0,15149,0,0,0,0,0,0,0,0,0,0,0,0,0,0,0,0,0,0,0,0,0,0,0,0,0,0,0,0,0,0,0,0,0,0,0,0,0,0,0,0,28532,0,0,0,23162,2054,0,0,0
2003,Total,489,12076711,9666602,0,12127,9654475,1728707,0,2763480,393333,0,609723,2631363,204694,47754,0,150305,0,0,0,0,0,0,0,0,0,0,0,0,0,0,0,0,0,0,0,0,0,0,0,0,0,0,0,0,0,0,0,0,0,0,0,0,0,0,0,0,495802,0,0,0,549975,38894,0,0,0
2003,Utrecht,7614,852364,707180,0,743,706437,143796,0,192546,36698,0,41712,166116,21834,3205,0,14448,0,0,0,0,0,0,0,0,0,0,0,0,0,0,0,0,0,0,0,0,0,0,0,0,0,0,0,0,0,0,0,0,0,0,0,0,0,0,0,0,47283,0,0,0,34150,2426,0,0,0
2003,Zeeland,3837,281550,227063,0,228,226835,35538,0,72545,6093,0,11408,53928,6643,1274,0,17521,0,0,0,0,0,0,0,0,0,0,0,0,0,0,0,0,0,0,0,0,0,0,0,0,0,0,0,0,0,0,0,0,0,0,0,0,0,0,0,0,8514,0,0,0,11918,819,0,0,0
2003,Zuid-Holland,23189,2554711,2006531,0,3281,2003250,396277,0,498688,87033,0,105494,519599,44552,12724,0,51071,0,0,0,0,0,0,0,0,0,0,0,0,0,0,0,0,0,0,0,0,0,0,0,0,0,0,0,0,0,0,0,0,0,0,0,0,0,0,0,0,95029,0,0,0,174381,8149,0,0,0
2006,Drenthe,2107,373341,309870,0,287,309583,44351,12248,69694,3947,0,49193,95120,15840,4373,0,1047,0,0,0,0,0,0,0,0,0,0,0,0,0,0,0,0,0,0,0,0,0,0,0,0,0,0,0,0,0,0,0,0,0,0,0,0,0,0,0,0,11739,0,0,0,0,0,0,1086,0
2006,Flevoland,1430,260877,205747,0,328,205419,34541,13866,48811,3188,0,31046,42791,12133,4304,0,4356,0,0,0,0,0,0,0,0,0,0,0,0,0,0,0,0,0,0,0,0,0,0,0,0,0,0,0,0,0,0,0,0,0,0,0,0,0,0,0,0,7649,0,0,0,0,0,447,1097,0
2006,Fryslân,7152,490110,406127,0,465,405662,42939,13244,114152,4302,0,69257,111627,24790,5373,0,1781,0,0,0,0,0,0,0,0,0,0,0,0,0,0,0,0,0,0,0,0,0,0,0,0,0,0,0,0,0,0,0,0,0,0,0,0,0,0,0,0,15340,0,0,0,0,0,257,1266,0
2006,Gelderland,12505,1490730,1226276,0,1343,1224933,165163,53404,359004,22140,0,197418,248321,59405,19260,0,36895,0,0,0,0,0,0,0,0,0,0,0,0,0,0,0,0,0,0,0,0,0,0,0,0,0,0,0,0,0,0,0,0,0,0,0,0,0,0,0,0,53333,0,0,0,0,0,1138,4757,0
2006,Groningen,6023,447471,363703,0,558,363145,39476,11527,66396,6746,0,69678,112694,25459,5930,0,1201,0,0,0,0,0,0,0,0,0,0,0,0,0,0,0,0,0,0,0,0,0,0,0,0,0,0,0,0,0,0,0,0,0,0,0,0,0,0,0,0,21372,0,0,0,0,0,275,1196,0
2006,Limburg,11025,865752,674406,0,991,673415,72746,77614,192478,7556,0,138476,136665,7776,10200,0,438,0,0,0,0,0,0,0,0,0,0,0,0,0,0,0,0,0,0,0,0,0,0,0,0,0,0,0,0,0,0,0,0,0,0,0,0,0,0,0,0,22869,0,0,0,0,0,1816,2095,0
2006,Noord-Brabant,14738,1827359,1434619,0,2044,1432575,207531,88205,456136,22522,0,291979,255525,21718,19812,0,5219,0,0,0,0,0,0,0,0,0,0,0,0,0,0,0,0,0,0,0,0,0,0,0,0,0,0,0,0,0,0,0,0,0,0,0,0,0,0,0,0,48160,0,0,0,0,0,2282,8004,0
2006,Noord-Holland,14446,1928426,1537818,0,4303,1533515,278965,84949,321802,41791,0,257000,341108,34983,41363,0,3330,0,0,0,0,0,0,0,0,0,0,0,0,0,0,0,0,0,0,0,0,0,0,0,0,0,0,0,0,0,0,0,0,0,0,0,0,0,0,0,0,107484,0,0,0,0,0,3036,9307,0
2006,Overijssel,5986,834000,692788,0,718,692070,76650,27822,228358,11238,0,102546,145957,47960,7511,0,15404,0,0,0,0,0,0,0,0,0,0,0,0,0,0,0,0,0,0,0,0,0,0,0,0,0,0,0,0,0,0,0,0,0,0,0,0,0,0,0,0,23715,0,0,0,0,0,543,2129,0
2006,Total,459,12264503,9854998,0,16315,9838683,1443312,579490,2608573,193232,0,1630803,2085077,390969,179988,0,153266,0,0,0,0,0,0,0,0,0,0,0,0,0,0,0,0,0,0,0,0,0,0,0,0,0,0,0,0,0,0,0,0,0,0,0,0,0,0,0,0,453054,0,0,0,0,0,12522,62829,0
2006,Utrecht,6907,881780,731031,0,1098,729933,122056,36988,195358,19746,0,96617,136215,40283,13567,0,14497,0,0,0,0,0,0,0,0,0,0,0,0,0,0,0,0,0,0,0,0,0,0,0,0,0,0,0,0,0,0,0,0,0,0,0,0,0,0,0,0,47224,0,0,0,0,0,880,3656,0
2006,Zeeland,3616,285050,230866,0,300,230566,29815,12839,64615,2490,0,35651,41878,11737,4502,0,18005,0,0,0,0,0,0,0,0,0,0,0,0,0,0,0,0,0,0,0,0,0,0,0,0,0,0,0,0,0,0,0,0,0,0,0,0,0,0,0,0,6741,0,0,0,0,0,325,1163,0
2006,Zuid-Holland,19176,2579607,2041747,0,3880,2037867,329079,146784,491769,47566,0,291942,417176,88885,43793,0,51093,0,0,0,0,0,0,0,0,0,0,0,0,0,0,0,0,0,0,0,0,0,0,0,0,0,0,0,0,0,0,0,0,0,0,0,0,0,0,0,0,87428,0,0,0,0,0,1523,27073,0
2010,Drenthe,1957,380106,290420,388,206,289826,55630,37807,40079,15036,16992,28400,75850,12523,3162,0,1340,0,0,0,0,0,0,237,0,0,0,0,0,0,0,0,0,0,0,0,0,0,0,0,0,0,0,0,0,0,0,0,0,0,0,0,0,0,0,0,0,0,0,0,0,0,0,0,0,1555
2010,Flevoland,1334,275347,202814,429,175,202210,49468,32825,21433,11039,11345,17295,38358,9884,2747,0,4993,0,0,0,0,0,0,278,0,0,0,0,0,0,0,0,0,0,0,0,0,0,0,0,0,0,0,0,0,0,0,0,0,0,0,0,0,0,0,0,0,0,0,0,0,0,0,0,0,1469
2010,Fryslân,6675,496269,382768,514,316,381938,59139,43416,69394,18025,23866,43868,94728,19507,4151,0,2195,0,0,0,0,0,0,346,0,0,0,0,0,0,0,0,0,0,0,0,0,0,0,0,0,0,0,0,0,0,0,0,0,0,0,0,0,0,0,0,0,0,0,0,0,0,0,0,0,1451
2010,Gelderland,11817,1523256,1176534,1765,875,1173894,228168,158832,183827,77406,77558,113636,219906,49661,13416,0,39872,0,0,0,0,0,0,965,0,0,0,0,0,0,0,0,0,0,0,0,0,0,0,0,0,0,0,0,0,0,0,0,0,0,0,0,0,0,0,0,0,0,0,0,0,0,0,0,0,5289
2010,Groningen,4893,452379,340179,510,379,339290,49041,38559,37688,21952,28297,39569,93631,20743,4960,0,1706,0,0,0,0,0,0,441,0,0,0,0,0,0,0,0,0,0,0,0,0,0,0,0,0,0,0,0,0,0,0,0,0,0,0,0,0,0,0,0,0,0,0,0,0,0,0,0,0,1273
2010,Limburg,7818,871664,635606,962,754,633890,98163,169814,101312,29566,33284,81930,98862,3975,8429,0,400,0,0,0,0,0,0,623,0,0,0,0,0,0,0,0,0,0,0,0,0,0,0,0,0,0,0,0,0,0,0,0,0,0,0,0,0,0,0,0,0,0,0,0,0,0,0,0,0,4530
2010,Noord-Brabant,13743,1861367,1371576,2126,1307,1368143,287483,238185,221959,89594,75610,183720,220265,13842,14868,0,5178,0,0,0,0,0,0,1466,0,0,0,0,0,0,0,0,0,0,0,0,0,0,0,0,0,0,0,0,0,0,0,0,0,0,0,0,0,0,0,0,0,0,0,0,0,0,0,0,0,10223
2010,Noord-Holland,12320,1976806,1493104,3461,1353,1488290,349972,201629,133339,132263,127605,125049,351739,21866,24165,0,3398,0,0,0,0,0,0,1939,0,0,0,0,0,0,0,0,0,0,0,0,0,0,0,0,0,0,0,0,0,0,0,0,0,0,0,0,0,0,0,0,0,0,0,0,0,0,0,0,0,8441
2010,Overijssel,5588,851426,652347,947,544,650856,109685,81775,132669,38171,34887,60448,124432,40248,5664,0,16337,0,0,0,0,0,0,719,0,0,0,0,0,0,0,0,0,0,0,0,0,0,0,0,0,0,0,0,0,0,0,0,0,0,0,0,0,0,0,0,0,0,0,0,0,0,0,0,0,3431
2010,Total,430,12524152,9442977,18147,8829,9416001,1929575,1454493,1281886,654167,628096,924696,1848805,305094,122317,0,163581,0,0,0,0,0,0,10471,0,0,0,0,0,0,0,0,0,0,0,0,0,0,0,0,0,0,0,0,0,0,0,0,0,0,0,0,0,0,0,0,0,0,0,0,0,0,0,0,0,52937
2010,Utrecht,6450,912434,723759,1137,698,721924,167652,90392,86569,66745,63903,51312,130668,33099,8753,0,15925,0,0,0,0,0,0,836,0,0,0,0,0,0,0,0,0,0,0,0,0,0,0,0,0,0,0,0,0,0,0,0,0,0,0,0,0,0,0,0,0,0,0,0,0,0,0,0,0,3097
2010,Zeeland,3376,288818,221744,313,154,221277,38738,33141,36085,9526,10698,20393,38549,9469,3045,0,18990,0,0,0,0,0,0,226,0,0,0,0,0,0,0,0,0,0,0,0,0,0,0,0,0,0,0,0,0,0,0,0,0,0,0,0,0,0,0,0,0,0,0,0,0,0,0,0,0,1621
2010,Zuid-Holland,16264,2634280,1952126,5595,2068,1944463,436436,328118,217532,144844,124051,159076,361817,70277,28957,0,53247,0,0,0,0,0,0,2395,0,0,0,0,0,0,0,0,0,0,0,0,0,0,0,0,0,0,0,0,0,0,0,0,0,0,0,0,0,0,0,0,0,0,0,0,0,0,0,0,0,10557
2012,Drenthe,1898,381999,293568,484,353,292731,69382,24212,28551,17162,5352,26696,95938,12410,4389,3962,2000,0,0,0,0,0,0,726,0,0,0,0,0,0,0,0,0,0,0,0,0,0,0,0,0,0,0,0,0,0,0,0,0,0,0,0,0,0,0,0,0,0,0,0,0,0,0,0,0,0
2012,Flevoland,1298,283489,204953,514,336,204103,58525,25319,13132,11825,3408,16896,47514,9484,4034,4323,7246,0,0,0,0,0,0,852,0,0,0,0,0,0,0,0,0,0,0,0,0,0,0,0,0,0,0,0,0,0,0,0,0,0,0,0,0,0,0,0,0,0,0,0,0,0,0,0,0,0
2012,Fryslân,5426,499189,384661,707,542,383412,76273,28071,53004,19690,6660,36602,126995,18673,6006,4392,3455,0,0,0,0,0,0,1036,0,0,0,0,0,0,0,0,0,0,0,0,0,0,0,0,0,0,0,0,0,0,0,0,0,0,0,0,0,0,0,0,0,0,0,0,0,0,0,0,0,0
2012,Gelderland,11465,1541586,1186331,2094,1508,1182729,303623,101133,113369,90379,28516,114093,287328,48447,20087,19039,47269,0,0,0,0,0,0,2990,0,0,0,0,0,0,0,0,0,0,0,0,0,0,0,0,0,0,0,0,0,0,0,0,0,0,0,0,0,0,0,0,0,0,0,0,0,0,0,0,0,0
2012,Groningen,4757,455015,343682,665,605,342412,58715,24362,26354,25932,9577,40015,120926,19860,6804,3938,2568,0,0,0,0,0,0,1287,0,0,0,0,0,0,0,0,0,0,0,0,0,0,0,0,0,0,0,0,0,0,0,0,0,0,0,0,0,0,0,0,0,0,0,0,0,0,0,0,0,0
2012,Limburg,7394,876234,619358,1302,1641,616415,139676,109210,59595,38934,11305,88503,134588,3263,11120,13334,589,0,0,0,0,0,0,1830,0,0,0,0,0,0,0,0,0,0,0,0,0,0,0,0,0,0,0,0,0,0,0,0,0,0,0,0,0,0,0,0,0,0,0,0,0,0,0,0,0,0
2012,Noord-Brabant,5235,1885588,1369885,2695,2449,1364741,392416,150583,123921,106856,24692,188133,292908,12451,21202,32912,6370,0,0,0,0,0,0,4149,0,0,0,0,0,0,0,0,0,0,0,0,0,0,0,0,0,0,0,0,0,0,0,0,0,0,0,0,0,0,0,0,0,0,0,0,0,0,0,0,0,0
2012,Noord-Holland,10720,2008757,1499796,4033,2731,1493032,437620,129822,83458,154232,46519,124680,403808,20659,38770,32276,5003,0,0,0,0,0,0,5861,0,0,0,0,0,0,0,0,0,0,0,0,0,0,0,0,0,0,0,0,0,0,0,0,0,0,0,0,0,0,0,0,0,0,0,0,0,0,0,0,0,0
2012,Overijssel,5430,861588,658744,1271,1065,656408,151354,53434,89760,43152,11451,61267,161862,40419,8534,9780,19761,0,0,0,0,0,0,1933,0,0,0,0,0,0,0,0,0,0,0,0,0,0,0,0,0,0,0,0,0,0,0,0,0,0,0,0,0,0,0,0,0,0,0,0,0,0,0,0,0,0
2012,Total,418,12689810,9462223,20984,17004,9424235,2504948,950263,801620,757091,219896,909853,2340750,294586,182162,177631,196780,0,0,0,0,0,0,30600,0,0,0,0,0,0,0,0,0,0,0,0,0,0,0,0,0,0,0,0,0,0,0,0,0,0,0,0,0,0,0,0,0,0,0,0,0,0,0,0,0,0
2012,Utrecht,6130,927767,727523,1400,1240,724883,214681,57301,53756,78857,25964,47587,163201,32162,13998,11638,19441,0,0,0,0,0,0,2406,0,0,0,0,0,0,0,0,0,0,0,0,0,0,0,0,0,0,0,0,0,0,0,0,0,0,0,0,0,0,0,0,0,0,0,0,0,0,0,0,0,0
2012,Zeeland,3292,290047,219335,402,318,218615,53011,21785,20933,10684,3425,20003,49520,9190,3847,3591,20675,0,0,0,0,0,0,518,0,0,0,0,0,0,0,0,0,0,0,0,0,0,0,0,0,0,0,0,0,0,0,0,0,0,0,0,0,0,0,0,0,0,0,0,0,0,0,0,0,0
2012,Zuid-Holland,15535,2665653,1951320,5352,3847,1942121,549192,224956,135359,158947,42959,145180,455530,67451,43307,38393,62392,0,0,0,0,0,0,7012,0,0,0,0,0,0,0,0,0,0,0,0,0,0,0,0,0,0,0,0,0,0,0,0,0,0,0,0,0,0,0,0,0,0,0,0,0,0,0,0,0,0
2017,Drenthe,2,385263,317404,610,352,316442,61555,40798,45692,32412,24546,37744,27129,14449,8107,11178,2460,900,5744,0,0,0,0,763,0,0,0,0,0,0,0,0,0,0,0,0,0,0,0,0,0,0,0,0,0,0,0,0,0,0,0,0,0,0,0,0,0,0,0,0,0,0,0,0,0,0
2017,Flevoland,3,292745,233294,791,431,232072,47998,34047,24740,23243,18438,18743,11873,10998,7399,8930,9072,4971,4985,0,0,0,0,1101,0,0,0,0,0,0,0,0,0,0,0,0,0,0,0,0,0,0,0,0,0,0,0,0,0,0,0,0,0,0,0,0,0,0,0,0,0,0,0,0,0,0
2017,Fryslân,4,503111,415012,796,572,413644,70323,46494,78348,40024,34559,45944,34672,21168,11969,11961,3880,914,7537,0,0,0,0,1290,0,0,0,0,0,0,0,0,0,0,0,0,0,0,0,0,0,0,0,0,0,0,0,0,0,0,0,0,0,0,0,0,0,0,0,0,0,0,0,0,0,0
2017,Gelderland,5,1586168,1315900,2902,1590,1311408,274181,153836,182226,156571,115349,119125,71264,58582,37728,36638,53160,18029,19123,0,0,0,0,3467,0,0,0,0,0,0,0,0,0,0,0,0,0,0,0,0,0,0,0,0,0,0,0,0,0,0,0,0,0,0,0,0,0,0,0,0,0,0,0,0,0,0
2017,Groningen,6,457906,372142,760,560,370822,51477,41689,42889,46674,44073,51643,30814,22107,13451,10389,2771,1755,5942,0,0,0,0,1666,0,0,0,0,0,0,0,0,0,0,0,0,0,0,0,0,0,0,0,0,0,0,0,0,0,0,0,0,0,0,0,0,0,0,0,0,0,0,0,0,0,0
2017,Limburg,7,872475,683413,1835,1331,680247,121813,133224,101630,71864,46334,92857,27511,4404,19838,31003,859,7381,13721,0,0,0,0,1665,0,0,0,0,0,0,0,0,0,0,0,0,0,0,0,0,0,0,0,0,0,0,0,0,0,0,0,0,0,0,0,0,0,0,0,0,0,0,0,0,0,0
2017,Noord-Brabant,8,1923617,1546550,4009,2581,1539960,368854,224060,207116,180227,120014,187988,64685,17776,40129,51552,7613,25777,24293,0,0,0,0,4652,0,0,0,0,0,0,0,0,0,0,0,0,0,0,0,0,0,0,0,0,0,0,0,0,0,0,0,0,0,0,0,0,0,0,0,0,0,0,0,0,0,0
2017,Noord-Holland,9,2063757,1689724,6651,2561,1680512,389823,181222,135118,249509,206435,118629,114949,30503,74556,52148,6029,49834,32996,0,0,0,0,7329,0,0,0,0,0,0,0,0,0,0,0,0,0,0,0,0,0,0,0,0,0,0,0,0,0,0,0,0,0,0,0,0,0,0,0,0,0,0,0,0,0,0
2017,Overijssel,10,874423,730312,1853,907,727552,135760,84386,144223,77333,50604,66753,40025,43578,15497,18510,21852,10627,10632,0,0,0,0,2205,0,0,0,0,0,0,0,0,0,0,0,0,0,0,0,0,0,0,0,0,0,0,0,0,0,0,0,0,0,0,0,0,0,0,0,0,0,0,0,0,0,0
2017,Total,11,12988563,10572338,31582,15918,10524838,2238351,1372941,1305217,1288794,960685,955633,599692,356376,335511,327494,218978,216241,187388,0,0,0,0,35530,0,0,0,0,0,0,0,0,0,0,0,0,0,0,0,0,0,0,0,0,0,0,0,0,0,0,0,0,0,0,0,0,0,0,0,0,0,0,0,0,0,0
2017,Utrecht,12,960520,814510,2173,968,811369,184071,81286,86895,124167,94721,45867,42149,40064,27286,18427,21238,22179,12502,0,0,0,0,2907,0,0,0,0,0,0,0,0,0,0,0,0,0,0,0,0,0,0,0,0,0,0,0,0,0,0,0,0,0,0,0,0,0,0,0,0,0,0,0,0,0,0
2017,Zeeland,13,289800,235525,500,442,234583,46244,31302,31563,19021,14554,22299,13203,10692,6808,8162,22382,1579,4067,0,0,0,0,624,0,0,0,0,0,0,0,0,0,0,0,0,0,0,0,0,0,0,0,0,0,0,0,0,0,0,0,0,0,0,0,0,0,0,0,0,0,0,0,0,0,0
2017,Zuid-Holland,14,2764061,2215100,8657,3572,2202871,485836,320456,223986,266880,190759,147856,121179,81955,72625,68551,67650,72279,45801,0,0,0,0,7861,0,0,0,0,0,0,0,0,0,0,0,0,0,0,0,0,0,0,0,0,0,0,0,0,0,0,0,0,0,0,0,0,0,0,0,0,0,0,0,0,0,0
2021,Drenthe,0,375815,300299,481,432,299386,60379,37536,32207,38396,12003,23056,26333,13713,9913,3273,2303,932,16784,4095,6203,6179,574,0,0,0,0,0,0,0,0,0,0,0,0,0,0,0,0,0,0,0,0,0,0,0,0,0,0,0,0,0,0,0,0,0,0,0,0,0,0,0,0,0,0,0
2021,Flevoland,0,307056,231605,534,476,230595,48696,28008,18272,27805,9979,13148,11061,9629,8302,2737,9451,5654,16072,3800,6081,1992,4311,0,0,0,0,0,0,0,0,0,0,0,0,0,0,0,0,0,0,0,0,0,0,0,0,0,0,0,0,0,0,0,0,0,0,0,0,0,0,0,0,0,0,0
2021,Fryslân,0,600957,487762,788,743,486231,90353,51008,68044,61858,19728,31914,40190,23058,17640,3929,5421,1648,33515,7866,10024,10642,1293,0,0,0,0,0,0,0,0,0,0,0,0,0,0,0,0,0,0,0,0,0,0,0,0,0,0,0,0,0,0,0,0,0,0,0,0,0,0,0,0,0,0,0
2021,Gelderland,0,1618657,1309852,2147,1951,1305754,287432,131507,135398,186660,68338,74372,70523,60577,47468,11846,53525,17036,58795,27566,28019,19990,5442,0,0,0,0,0,0,0,0,0,0,0,0,0,0,0,0,0,0,0,0,0,0,0,0,0,0,0,0,0,0,0,0,0,0,0,0,0,0,0,0,0,0,0
2021,Groningen,0,461525,360472,610,632,359230,53539,36595,31758,55182,23333,34275,17411,19604,15722,3064,2912,1838,18312,10330,5740,6025,2137,0,0,0,0,0,0,0,0,0,0,0,0,0,0,0,0,0,0,0,0,0,0,0,0,0,0,0,0,0,0,0,0,0,0,0,0,0,0,0,0,0,0,0
2021,Limburg,0,862826,654208,1624,1305,651279,135929,111646,71901,82117,26665,49726,45594,4623,22722,9139,762,6665,42182,10133,12768,5392,1677,0,0,0,0,0,0,0,0,0,0,0,0,0,0,0,0,0,0,0,0,0,0,0,0,0,0,0,0,0,0,0,0,0,0,0,0,0,0,0,0,0,0,0
2021,Noord-Brabant,0,2011756,1559379,2776,2500,1554103,394542,175093,152492,241896,75382,118841,75752,22874,53621,18236,7769,22774,74018,38089,33642,12770,6723,0,0,0,0,0,0,0,0,0,0,0,0,0,0,0,0,0,0,0,0,0,0,0,0,0,0,0,0,0,0,0,0,0,0,0,0,0,0,0,0,0,0,0
2021,Noord-Holland,0,2037283,1616275,4656,2938,1608681,343027,143996,107179,297644,105393,86044,98793,27776,83429,15600,5049,47360,73610,55832,37847,8292,34246,0,0,0,0,0,0,0,0,0,0,0,0,0,0,0,0,0,0,0,0,0,0,0,0,0,0,0,0,0,0,0,0,0,0,0,0,0,0,0,0,0,0,0
2021,Overijssel,0,988668,801722,1409,1165,799148,160563,83264,124350,98003,32016,46130,43379,45123,21558,6544,22717,9781,40118,15209,16186,20299,2212,0,0,0,0,0,0,0,0,0,0,0,0,0,0,0,0,0,0,0,0,0,0,0,0,0,0,0,0,0,0,0,0,0,0,0,0,0,0,0,0,0,0,0
2021,Total,0,12872639,10160129,21160,16795,10122174,2190767,1092056,972858,1519434,519502,624414,576845,353123,387293,102841,194194,190853,510485,246257,238970,106581,83727,0,0,0,0,0,0,0,0,0,0,0,0,0,0,0,0,0,0,0,0,0,0,0,0,0,0,0,0,0,0,0,0,0,0,0,0,0,0,0,0,0,0,0
2021,Utrecht,0,953261,784213,1309,1187,781717,166518,61510,63869,145636,56032,31180,37873,39096,32713,6320,21515,22478,27889,27903,16702,3417,7096,0,0,0,0,0,0,0,0,0,0,0,0,0,0,0,0,0,0,0,0,0,0,0,0,0,0,0,0,0,0,0,0,0,0,0,0,0,0,0,0,0,0,0
2021,Zeeland,0,244486,183525,291,338,182896,29382,25570,19307,18327,6572,20296,17411,11018,5652,2017,1840,1090,11484,1850,3079,4606,335,0,0,0,0,0,0,0,0,0,0,0,0,0,0,0,0,0,0,0,0,0,0,0,0,0,0,0,0,0,0,0,0,0,0,0,0,0,0,0,0,0,0,0
2021,Zuid-Holland,0,2410349,1870817,4535,3128,1863154,420407,206323,148081,265910,84061,95432,92525,76032,68553,20136,60930,53597,97706,43584,62679,6977,17681,0,0,0,0,0,0,0,0,0,0,0,0,0,0,0,0,0,0,0,0,0,0,0,0,0,0,0,0,0,0,0,0,0,0,0,0,0,0,0,0,0,0,0
,,,,,,,,,,,,,,,,,,,,,,,,,,,,,,,,,,,,,,,,,,,,,,,,,,,,,,,,,,,,,,,,,,,
,,,,,,,,,,,,,,,,,,,,,,,,,,,,,,,,,,,,,,,,,,,,,,,,,,,,,,,,,,,,,,,,,,,
,,,,,,,,,,,,,,,,,,,,,,,,,,,,,,,,,,,,,,,,,,,,,,,,,,,,,,,,,,,,,,,,,,,
,,,,,,,,,,,,,,,,,,,,,,,,,,,,,,,,,,,,,,,,,,,,,,,,,,,,,,,,,,,,,,,,,,,
,,,,,,,,,,,,,,,,,,,,,,,,,,,,,,,,,,,,,,,,,,,,,,,,,,,,,,,,,,,,,,,,,,,
,,,,,,,,,,,,,,,,,,,,,,,,,,,,,,,,,,,,,,,,,,,,,,,,,,,,,,,,,,,,,,,,,,,
,,,,,,,,,,,,,,,,,,,,,,,,,,,,,,,,,,,,,,,,,,,,,,,,,,,,,,,,,,,,,,,,,,,
,,,,,,,,,,,,,,,,,,,,,,,,,,,,,,,,,,,,,,,,,,,,,,,,,,,,,,,,,,,,,,,,,,,
,,,,,,,,,,,,,,,,,,,,,,,,,,,,,,,,,,,,,,,,,,,,,,,,,,,,,,,,,,,,,,,,,,,
,,,,,,,,,,,,,,,,,,,,,,,,,,,,,,,,,,,,,,,,,,,,,,,,,,,,,,,,,,,,,,,,,,,
,,,,,,,,,,,,,,,,,,,,,,,,,,,,,,,,,,,,,,,,,,,,,,,,,,,,,,,,,,,,,,,,,,,
,,,,,,,,,,,,,,,,,,,,,,,,,,,,,,,,,,,,,,,,,,,,,,,,,,,,,,,,,,,,,,,,,,,
,,,,,,,,,,,,,,,,,,,,,,,,,,,,,,,,,,,,,,,,,,,,,,,,,,,,,,,,,,,,,,,,,,,
,,,,,,,,,,,,,,,,,,,,,,,,,,,,,,,,,,,,,,,,,,,,,,,,,,,,,,,,,,,,,,,,,,,
