RegioNaam;RegioCode;AmsterdamseCode;OuderRegioNaam;OuderRegioCode;Kiesgerechtigden;Opkomst;OngeldigeStemmen;BlancoStemmen;GeldigeStemmen;Katholieke Volkspartij (KVP);Partij van de Arbeid (P.v.d.A.);Anti-Revolutionaire Partij;Christelijk-Historische Unie;VVD;Communistische Partij van Nederland;Staatkundig Gereformeerde Partij (SGP);Overig;Lijst Welter
Aagtekerke;G1000;10531;Zeeland;P29;425;461;0;;461;10;40;51;91;10;27;230;2;
Aalsmeer;G0358;11264;Noord-Holland;P27;6709;6209;0;;6209;1161;1722;1037;977;774;304;79;138;17
Aalten;G0197;11046;Gelderland;P25;7239;6758;0;;6758;1067;1109;2627;1448;397;35;16;24;35
Aardenburg;G0648;11020;Zeeland;P29;1974;1942;0;;1942;1147;302;146;46;157;55;25;43;21
Aarle-Rixtel;G0739;10757;Noord-Brabant;P30;1552;1454;0;;1454;1319;68;10;16;14;5;;4;18
Abbekerk;G0359;10439;Noord-Holland;P27;518;469;0;;469;161;184;27;15;49;21;;12;
Abbenbroek;G0481;11026;Zuid-Holland;P28;437;402;0;;402;4;159;33;18;138;42;3;5;
Abcoude;G0305;10712;Utrecht;P26;1879;1798;0;;1798;654;190;301;478;55;25;52;20;23
Achtkarspelen;G0059;10199;Fryslân;P21;9149;8338;0;;8338;33;2200;3754;1402;354;466;85;42;2
Achttienhoven;G1005;10524;Utrecht;P26;444;412;0;;412;75;42;103;114;13;7;44;4;10
Adorp;G0001;10996;Groningen;P20;878;824;0;;824;4;216;418;59;105;5;;15;2
Aduard;G0002;10999;Groningen;P20;1222;1143;0;;1143;10;304;497;84;200;21;1;26;
Akersloot;G0360;10346;Noord-Holland;P27;1189;1146;0;;1146;741;202;26;12;89;67;1;1;7
Alblasserdam;G0482;11327;Zuid-Holland;P28;4293;3984;0;;3984;36;1257;534;986;328;72;744;17;10
Alem, Maren en Kessel;G1007;10495;Noord-Brabant;P30;673;644;0;;644;622;8;5;3;1;;2;;3
Alkemade;G0483;10349;Zuid-Holland;P28;3432;3343;0;;3343;2752;65;290;151;44;7;4;11;19
Alkmaar;G0361;10527;Noord-Holland;P27;22306;20566;0;;20566;6864;6808;1457;928;1890;2062;46;215;296
Almelo;G0141;11053;Overijssel;P23;22742;21619;0;;21619;4980;7310;2146;1367;2204;3273;131;138;70
Almkerk;G0740;10788;Noord-Brabant;P30;2196;2175;0;;2175;15;211;1349;545;19;5;28;2;1
Alphen aan den Rijn;G0484;10517;Zuid-Holland;P28;10912;10196;0;;10196;2068;1731;2417;2834;506;131;426;46;37
Alphen en Riel;G0741;10710;Noord-Brabant;P30;1571;1523;0;;1523;1462;34;7;3;3;2;;;12
Ambt Delden;G0142;11400;Overijssel;P23;2415;2345;0;;2345;1535;345;67;234;119;32;3;6;4
Amby;G0883;10922;Limburg;P31;1309;1192;0;;1192;971;117;10;4;10;9;1;12;58
Ameide;G0485;11349;Zuid-Holland;P28;1067;1002;0;;1002;4;362;458;42;84;;47;5;
Ameland;G0060;11153;Fryslân;P21;1329;1875;0;;1875;395;717;220;264;167;58;3;46;5
Amerongen;G0306;11372;Utrecht;P26;1989;1905;0;;1905;29;527;384;489;105;23;293;54;1
Amersfoort;G0307;10948;Utrecht;P26;32077;28501;0;;28501;6724;8371;4140;3261;2449;2014;454;680;408
Ammerstol;G0486;10863;Zuid-Holland;P28;685;615;0;;615;;352;20;11;68;133;19;11;1
Ammerzoden;G0198;10151;Gelderland;P25;1549;1458;0;;1458;982;80;121;183;12;4;65;1;10
Amstenrade;G0884;10062;Limburg;P31;1291;1158;0;;1158;891;109;26;18;12;46;;8;48
Amsterdam;G0363;11150;Noord-Holland;P27;503176;433603;0;;433603;77618;130620;42768;16545;40027;111528;941;9731;3825
Andel;G0742;10871;Noord-Brabant;P30;670;657;0;;657;2;81;220;289;6;6;53;;
Andijk;G0364;10822;Noord-Holland;P27;2374;2255;0;;2255;329;509;886;44;67;360;45;7;8
Angerlo;G0199;11131;Gelderland;P25;1561;1451;0;;1451;826;124;88;321;74;9;6;2;1
Ankeveen;G1014;10936;Noord-Holland;P27;442;411;0;;411;184;47;35;89;11;36;7;2;
Anloo;G0105;10787;Drenthe;P22;3342;2819;0;;2819;32;1568;153;77;659;198;15;107;10
Anna Paulowna;G0366;10344;Noord-Holland;P27;3654;3357;0;;3357;1039;1023;302;143;278;472;11;55;34
Apeldoorn;G0200;11075;Gelderland;P25;47928;44715;0;;44715;5487;13579;6977;9622;5241;1842;983;679;305
Appeltern;G0201;11296;Gelderland;P25;1822;1716;0;;1716;1487;51;6;147;4;3;1;4;13
Appingedam;G0003;10886;Groningen;P20;4493;4096;0;;4096;83;1103;856;830;548;571;2;99;4
Arcen en Velden;G0885;10202;Limburg;P31;2132;2033;0;;2033;1866;33;11;9;13;17;;9;75
Arkel;G0487;10079;Zuid-Holland;P28;828;768;0;;768;27;366;108;24;201;16;20;6;
Arnemuiden;G0649;11419;Zeeland;P29;1511;1397;0;;1397;19;259;303;300;17;8;474;17;
Arnhem;G0202;10795;Gelderland;P25;58118;54268;0;;54268;16159;18467;4519;4257;4960;3293;290;1271;1052
Asperen;G0488;11369;Zuid-Holland;P28;1026;948;0;;948;3;213;327;118;99;2;183;3;
Assen;G0106;10522;Drenthe;P22;13024;11432;0;;11432;460;5169;2283;1009;1595;673;44;155;44
Assendelft;G0367;11373;Noord-Holland;P27;3543;3322;0;;3322;1325;867;131;43;158;730;36;27;5
Asten;G0743;10478;Noord-Brabant;P30;3684;3546;0;;3546;3354;83;8;36;10;9;;2;44
Avenhorn;G0368;11147;Noord-Holland;P27;823;771;0;;771;364;249;9;10;88;45;;4;2
Avereest;G0143;11190;Overijssel;P23;6223;5613;0;;5613;561;1118;1344;2028;440;40;35;41;6
Axel;G0650;11289;Zeeland;P29;3923;3604;0;;3604;609;636;1115;734;206;16;204;41;43
Baarderadeel;G0061;10422;Fryslân;P21;3101;2871;0;;2871;119;1402;434;303;446;51;4;109;3
Baarland;G0651;10634;Zeeland;P29;517;500;0;;500;98;76;105;116;20;31;38;4;12
Baarle-Nassau;G0744;10060;Noord-Brabant;P30;1781;1717;0;;1717;1549;76;25;16;4;11;;5;31
Baarn;G0308;11411;Utrecht;P26;9934;8889;0;;8889;1426;2294;2263;683;1289;362;188;193;191
Baexem;G0886;11255;Limburg;P31;653;623;0;;623;601;4;;;;;;;18
Baflo;G0004;10539;Groningen;P20;1688;1577;0;;1577;10;470;789;68;194;20;;24;2
Bakel en Milheeze;G0745;10749;Noord-Brabant;P30;2043;1942;0;;1942;1878;22;10;12;3;5;;3;9
Barendrecht;G0489;10943;Zuid-Holland;P28;3812;3581;0;;3581;39;857;1503;578;340;34;212;13;5
Barneveld;G0203;10906;Gelderland;P25;10107;9744;0;;9744;645;1181;2239;3070;362;164;1985;64;34
Barradeel;G0062;10156;Fryslân;P21;4601;4277;0;;4277;42;1191;1340;1332;198;105;2;66;1
Barsingerhorn;G0369;10973;Noord-Holland;P27;1247;1096;0;;1096;56;441;56;52;214;255;2;20;
Barwoutswaarder;G1017;10447;Zuid-Holland;P28;430;401;0;;401;72;25;95;155;4;2;39;1;8
Batenburg;G0204;10921;Gelderland;P25;299;266;0;;266;202;7;6;38;11;;;;2
Bathmen;G0144;11030;Overijssel;P23;1323;1231;0;;1231;36;377;71;248;459;20;5;10;5
Bedum;G0005;10425;Groningen;P20;3837;3606;0;;3606;168;819;2014;136;403;22;2;41;1
Beegden;G0887;11089;Limburg;P31;540;532;0;;532;525;4;1;1;;1;;;
Beek;G0888;11374;Limburg;P31;3740;3508;0;;3508;2972;272;27;18;27;35;6;13;138
Beek;G1247;11354;Noord-Brabant;P30;2005;1899;0;;1899;1754;108;4;2;6;2;;4;19
Beek en Donk;G0746;10173;Noord-Brabant;P30;1881;1773;0;;1773;1723;27;2;8;5;2;1;2;3
Beemster;G0370;10816;Noord-Holland;P27;3497;3264;0;;3264;895;1214;199;77;560;278;10;26;5
Beers;G0747;11410;Noord-Brabant;P30;1066;1023;0;;1023;1006;7;1;;1;;;3;5
Beerta;G0006;11043;Groningen;P20;2266;1986;0;;1986;18;444;70;94;303;997;6;50;4
Beesd;G0205;10259;Gelderland;P25;1577;1488;0;;1488;627;294;136;243;56;14;96;11;11
Beesel;G0889;10195;Limburg;P31;2762;2700;0;;2700;2574;41;3;4;;20;;3;55
Beets;G0371;10536;Noord-Holland;P27;311;286;0;;286;2;153;9;12;80;18;1;11;
Beilen;G0107;10520;Drenthe;P22;5677;4753;0;;4753;49;1735;1267;1025;542;89;18;27;1
Belfeld;G0890;10292;Limburg;P31;1223;1192;0;;1192;1116;29;4;;1;9;;4;29
Bellingwolde;G1019;10340;Groningen;P20;3813;3371;0;;3371;21;1681;247;269;367;677;2;105;2
Bemelen;G0891;10878;Limburg;P31;159;174;0;;174;138;8;4;2;13;2;;1;6
Bemmel;G0206;10744;Gelderland;P25;4423;4099;0;;4099;3467;168;59;266;39;25;9;30;36
Bennebroek;G0372;10734;Noord-Holland;P27;1616;1454;0;;1454;543;197;309;132;141;23;4;33;72
Benschop;G0309;11330;Utrecht;P26;1162;1087;0;;1087;321;94;241;192;61;6;164;;8
Benthuizen;G0490;10398;Zuid-Holland;P28;637;609;0;;609;14;76;81;93;31;2;312;;
Berg en Terblijt;G0892;10796;Limburg;P31;1113;1163;0;;1163;1025;51;8;7;35;16;1;3;17
Bergambacht;G0491;10962;Zuid-Holland;P28;2179;1966;0;;1966;9;609;480;104;226;80;430;28;
Bergen;G0373;11424;Noord-Holland;P27;4675;5450;0;;5450;1793;1643;424;183;959;292;3;73;80
Bergen;G0893;11281;Limburg;P31;4083;3925;0;;3925;3781;54;15;7;4;11;2;2;49
Bergen op Zoom;G0748;11037;Noord-Brabant;P30;15147;13854;0;;13854;9593;2255;771;230;464;212;40;102;187
Bergeyk;G0749;11160;Noord-Brabant;P30;1974;1872;0;;1872;1732;52;10;43;5;9;2;9;10
Bergh;G0207;10350;Gelderland;P25;6479;6039;0;;6039;5301;417;68;64;105;29;12;21;22
Bergharen;G0208;10883;Gelderland;P25;980;928;0;;928;766;27;13;102;11;4;;2;3
Berghem;G0750;10733;Noord-Brabant;P30;1475;1345;0;;1345;1230;75;5;2;5;13;;6;9
Bergschenhoek;G0492;10445;Zuid-Holland;P28;1707;1594;0;;1594;382;209;244;553;71;31;82;16;6
Berkel en Rodenrijs;G0493;10139;Zuid-Holland;P28;2714;2494;0;;2494;1234;86;460;617;33;9;39;1;15
Berkel-Enschot;G0751;11132;Noord-Brabant;P30;1493;1414;0;;1414;1329;47;10;;2;3;;1;22
Berkenwoude;G0494;10797;Zuid-Holland;P28;521;482;0;;482;2;91;89;6;184;;110;;
Berkhout;G0374;10354;Noord-Holland;P27;1785;1697;0;;1697;888;539;37;33;122;61;4;10;3
Berlicum;G0752;10362;Noord-Brabant;P30;2200;2008;0;;2008;1880;65;6;15;7;10;2;11;12
Best;G0753;10442;Noord-Brabant;P30;3128;2983;0;;2983;2669;201;13;15;16;28;;13;28
Beuningen;G0209;10417;Gelderland;P25;1982;1865;0;;1865;1652;66;13;88;9;4;2;6;25
Beusichem;G0210;11182;Gelderland;P25;1018;920;0;;920;52;376;133;86;136;14;77;43;3
Beverwijk;G0375;10272;Noord-Holland;P27;14424;13811;0;;13811;6021;3235;898;582;774;2038;21;140;102
Bierum;G0008;11294;Groningen;P20;2570;2357;0;;2357;9;375;931;740;221;49;6;21;5
Biervliet;G0652;10257;Zeeland;P29;1253;1157;0;;1157;342;381;57;157;100;22;40;37;21
Biggekerke;G1022;11364;Zeeland;P29;489;533;0;;533;19;59;180;168;13;13;73;8;
Bingelrade;G0894;10967;Limburg;P31;335;316;0;;316;306;3;1;;;1;;;5
Bladel en Netersel;G0754;11006;Noord-Brabant;P30;1608;1567;0;;1567;1474;18;8;48;3;1;2;3;10
Blankenham;G0145;10320;Overijssel;P23;298;279;0;;279;23;78;11;84;77;2;;4;
Blaricum;G0376;10493;Noord-Holland;P27;2818;2507;0;;2507;871;490;256;126;453;191;8;56;56
Bleiswijk;G0495;10994;Zuid-Holland;P28;1449;1364;0;;1364;410;160;259;297;126;4;95;6;7
Bleskensgraaf en Hofwegen;G0496;10451;Zuid-Holland;P28;694;612;0;;612;2;93;202;27;44;;242;2;
Bloemendaal;G0377;10850;Noord-Holland;P27;12505;10248;0;;10248;2259;1990;1557;690;2579;265;27;387;494
Blokker;G0378;10804;Noord-Holland;P27;1421;1319;0;;1319;933;213;21;14;113;17;2;4;2
Blokzijl;G0146;10689;Overijssel;P23;810;733;0;;733;12;302;177;137;83;9;10;3;
Bocholtz;G0895;10986;Limburg;P31;1738;1594;0;;1594;1442;68;3;2;2;43;1;6;27
Bodegraven;G0497;11091;Zuid-Holland;P28;3889;3591;0;;3591;771;448;1289;593;186;29;233;19;23
Boekel;G0755;10432;Noord-Brabant;P30;2278;2172;0;;2172;2133;22;;;;3;;3;11
Bolsward;G0064;10865;Fryslân;P21;4023;3718;0;;3718;1319;965;584;535;159;111;10;21;14
Borculo;G0211;11307;Gelderland;P25;3618;3371;0;;3371;353;1272;346;342;958;53;1;31;15
Borger;G0108;10448;Drenthe;P22;5971;5218;0;;5218;109;2398;746;794;837;273;4;50;7
Borgharen;G0896;11334;Limburg;P31;601;534;0;;534;482;32;1;3;7;1;;2;6
Born;G0897;10927;Limburg;P31;1864;1799;0;;1799;1620;113;7;3;8;8;1;5;34
Borne;G0147;10326;Overijssel;P23;6393;6127;0;;6127;3523;1200;272;446;252;346;26;12;50
Borsele;G0654;10043;Zeeland;P29;905;804;0;;804;100;71;87;215;63;1;214;14;39
Boskoop;G0499;10419;Zuid-Holland;P28;4721;4378;0;;4378;920;661;1146;659;611;88;232;22;39
Bovenkarspel;G0379;10945;Noord-Holland;P27;1647;1559;0;;1559;1185;221;22;4;78;32;5;7;5
Boxmeer;G0756;11227;Noord-Brabant;P30;3721;3514;0;;3514;3196;198;5;43;13;27;;5;27
Boxtel;G0757;10083;Noord-Brabant;P30;6608;6108;0;;6108;5221;498;57;47;75;80;3;30;97
Brakel;G0212;11125;Gelderland;P25;1127;978;0;;978;6;295;77;149;25;7;412;6;1
Brandwijk;G0500;10169;Zuid-Holland;P28;543;483;0;;483;;60;229;30;61;;99;3;1
Breda;G0758;10154;Noord-Brabant;P30;47053;43027;0;;43027;26190;8538;1664;996;1809;876;95;537;2322
Breskens;G0655;10233;Zeeland;P29;1624;1616;0;;1616;143;655;210;276;148;84;24;71;5
Breukelen-Nijenrode;G1028;10807;Utrecht;P26;2128;2003;0;;2003;453;231;440;493;123;28;163;17;55
Breukelen-Sint Pieters;G1029;11149;Utrecht;P26;650;608;0;;608;101;100;167;139;50;8;22;4;17
Brielle;G0501;10232;Zuid-Holland;P28;2234;2071;0;;2071;170;781;230;360;405;76;11;31;7
Broek in Waterland;G0380;10289;Noord-Holland;P27;1019;945;0;;945;34;317;86;193;228;57;4;22;4
Broekhuizen;G0898;10856;Limburg;P31;533;511;0;;511;497;7;;;1;1;;;5
Brouwershaven;G0656;10030;Zeeland;P29;784;715;0;;715;4;354;176;29;115;1;22;14;
Bruinisse;G0657;11291;Zeeland;P29;1399;1303;0;;1303;13;368;203;214;200;18;278;9;
Brummen;G0213;10798;Gelderland;P25;6667;6318;0;;6318;470;2848;534;1002;1160;197;24;59;24
Brunssum;G0899;10533;Limburg;P31;8699;8100;0;;8100;5211;1226;321;277;29;866;7;52;111
Budel;G0759;10219;Noord-Brabant;P30;2817;2668;0;;2668;2519;61;14;18;14;5;;3;34
Bunde;G0900;10831;Limburg;P31;921;880;0;;880;790;44;2;;5;15;;3;21
Bunnik;G0312;10820;Utrecht;P26;1335;1273;0;;1273;599;159;183;161;37;21;57;20;36
Bunschoten;G0313;11343;Utrecht;P26;3290;3095;0;;3095;6;61;2898;69;5;7;42;3;4
Buren;G0214;11286;Gelderland;P25;1163;1078;0;;1078;51;447;85;232;145;18;92;7;1
Burgh;G1035;11000;Zeeland;P29;451;463;0;;463;4;163;82;103;80;3;18;9;1
Bussum;G0381;10281;Noord-Holland;P27;19883;17337;0;;17337;4638;3756;2612;1301;2868;1014;231;488;429
Buurmalsen;G0215;10460;Gelderland;P25;1296;1202;0;;1202;47;378;152;389;76;13;137;10;
Cadier en Keer;G0901;11447;Limburg;P31;622;567;0;;567;517;7;1;;1;1;1;1;38
Cadzand;G0658;11002;Zeeland;P29;632;568;0;;568;14;255;81;94;91;9;5;19;
Callantsoog;G0382;10559;Noord-Holland;P27;610;615;0;;615;81;234;39;4;122;127;;3;5
Capelle aan den IJssel;G0502;11248;Zuid-Holland;P28;4112;3626;0;;3626;57;1351;509;613;339;55;685;14;3
Castricum;G0383;11287;Noord-Holland;P27;3992;4399;0;;4399;2290;1052;245;94;212;426;1;14;65
Chaam;G0760;11433;Noord-Brabant;P30;1209;1141;0;;1141;962;67;24;43;8;6;3;7;21
Clinge;G0659;10965;Zeeland;P29;1718;1451;0;;1451;1271;80;5;10;5;21;5;4;50
Coevorden;G0109;10383;Drenthe;P22;4346;3937;0;;3937;955;1355;552;530;440;69;9;18;9
Cothen;G0314;11316;Utrecht;P26;593;572;0;;572;437;29;20;47;6;1;21;1;10
Cuijk en Sint Agatha;G0761;10023;Noord-Brabant;P30;2774;2622;0;;2622;2457;77;7;8;23;16;;7;27
Culemborg;G0216;10342;Gelderland;P25;6367;5877;0;;5877;2250;1920;332;248;521;386;146;20;54
Dalen;G0110;11004;Drenthe;P22;2403;2153;0;;2153;240;879;145;176;670;18;9;14;2
Dalfsen;G0148;11007;Overijssel;P23;4648;4444;0;;4444;1301;488;599;1838;139;17;44;13;5
Dantumadeel;G0065;10650;Fryslân;P21;8485;7632;0;;7632;72;1689;2868;1747;383;258;534;79;2
De Bilt;G0310;10168;Utrecht;P26;10754;9946;0;;9946;1639;2451;2414;826;1617;227;303;281;188
De Lier;G0552;10241;Zuid-Holland;P28;1934;1857;0;;1857;254;118;711;630;94;10;26;8;6
De Rijp;G0440;11417;Noord-Holland;P27;837;776;0;;776;334;274;11;7;36;105;7;2;
De Werken en Sleeuwijk;G1222;10116;Noord-Brabant;P30;2277;1985;0;;1985;11;427;934;372;45;23;165;6;2
De Wijk;G0135;10753;Drenthe;P22;2161;1942;0;;1942;10;662;415;233;551;29;5;37;
Deil;G0217;10057;Gelderland;P25;1385;1254;0;;1254;235;384;111;293;128;7;75;20;1
Delft;G0503;10928;Zuid-Holland;P28;35339;32054;0;;32054;9344;9763;3973;2315;2146;2635;1025;418;435
Delfzijl;G0010;10976;Groningen;P20;6519;5601;0;;5601;158;1665;1016;637;815;1173;9;112;16
Den Bommel;G1024;10293;Zuid-Holland;P28;1068;988;0;;988;250;149;210;202;50;2;115;;10
Den Dungen;G0768;10491;Noord-Brabant;P30;1181;1086;0;;1086;1043;31;1;;1;3;;1;6
Den Ham;G0159;10395;Overijssel;P23;4433;4023;0;;4023;289;530;1242;1615;156;145;11;31;4
Den Helder;G0400;10285;Noord-Holland;P27;18446;17017;0;;17017;2246;7760;2877;579;1611;943;128;766;107
Denekamp;G0149;10245;Overijssel;P23;3679;3508;0;;3508;2951;172;104;160;56;41;4;5;15
Deurne;G0762;10379;Noord-Brabant;P30;6991;6627;0;;6627;6196;122;40;148;24;18;2;12;65
Deventer;G0150;10899;Overijssel;P23;26945;24196;0;;24196;4590;8752;1478;1146;3298;4534;88;192;118
Didam;G0218;10153;Gelderland;P25;3810;3570;0;;3570;3337;130;9;40;14;16;3;5;16
Diemen;G0384;11039;Noord-Holland;P27;2352;2158;0;;2158;623;536;345;347;60;204;8;19;16
Diepenheim;G0151;10311;Overijssel;P23;1263;1160;0;;1160;99;594;86;129;221;16;5;8;2
Diepenveen;G0152;10933;Overijssel;P23;4505;4216;0;;4216;1273;1142;265;516;842;102;17;40;19
Diessen;G0763;11185;Noord-Brabant;P30;954;951;0;;951;890;40;6;5;5;2;;;3
Diever;G0111;10418;Drenthe;P22;1702;1599;0;;1599;37;645;397;94;344;32;14;33;3
Dinteloord en Prinsenland;G0764;11193;Noord-Brabant;P30;2333;2158;0;;2158;815;269;329;406;71;28;194;43;3
Dinther;G1044;10690;Noord-Brabant;P30;1191;1132;0;;1132;1087;14;3;17;;2;;2;7
Dinxperlo;G0219;11154;Gelderland;P25;2263;2038;0;;2038;365;358;394;802;92;19;2;4;2
Dirksland;G0504;11344;Zuid-Holland;P28;1901;1743;0;;1743;19;413;667;60;208;9;360;6;1
Dodewaard;G0220;10647;Gelderland;P25;1320;1226;0;;1226;24;473;203;188;105;8;216;7;2
Doesburg;G0221;10327;Gelderland;P25;3146;2977;0;;2977;1247;903;209;372;145;53;11;12;25
Doetinchem;G0222;10396;Gelderland;P25;10921;10031;0;;10031;3177;3378;856;1275;726;340;100;117;62
Dokkum;G0066;10198;Fryslân;P21;3293;3085;0;;3085;154;909;1362;388;176;53;16;26;1
Domburg;G0660;10236;Zeeland;P29;925;1048;0;;1048;44;322;168;181;105;21;151;49;7
Dongen;G0766;11412;Noord-Brabant;P30;5632;5435;0;;5435;4948;167;69;96;22;34;10;18;71
Doniawerstal;G0067;10086;Fryslân;P21;3438;3244;0;;3244;786;799;535;846;139;61;17;49;12
Doorn;G0315;10213;Utrecht;P26;3672;3709;0;;3709;193;1073;941;633;579;54;154;57;25
Doornspijk;G0223;10069;Gelderland;P25;2937;2820;0;;2820;30;334;635;467;37;33;1255;24;5
Dordrecht;G0505;11157;Zuid-Holland;P28;41452;36486;0;;36486;4048;14463;6691;2895;3948;2797;946;522;176
Dreischor;G1047;10885;Zeeland;P29;686;633;0;;633;5;325;37;40;185;3;20;17;1
Dreumel;G0224;11232;Gelderland;P25;1398;1317;0;;1317;1132;106;7;34;18;5;;5;10
Driebergen-Rijsenburg;G0316;10777;Utrecht;P26;6815;6545;0;;6545;927;1639;1683;885;719;86;369;119;118
Driewegen;G0661;11115;Zeeland;P29;401;376;0;;376;42;77;66;122;38;2;12;16;1
Drunen;G0767;10428;Noord-Brabant;P30;2718;2609;0;;2609;2501;45;15;16;2;9;7;1;13
Druten;G0225;10068;Gelderland;P25;3612;3473;0;;3473;3083;127;24;140;24;8;6;20;41
Dubbeldam;G0507;10781;Zuid-Holland;P28;3199;2909;0;;2909;54;748;758;619;482;48;165;22;13
Duiven;G0226;11028;Gelderland;P25;2265;2137;0;;2137;1983;48;27;45;7;3;4;3;17
Duivendijke;G1050;10335;Zeeland;P29;278;301;0;;301;7;86;128;30;30;10;9;1;
Dussen;G0769;10261;Noord-Brabant;P30;2122;1964;0;;1964;1208;111;321;199;17;8;93;4;3
Dwingeloo;G0112;10331;Drenthe;P22;1914;1802;0;;1802;16;906;292;81;441;28;3;32;3
Echt;G0902;10941;Limburg;P31;5866;5526;0;;5526;5019;209;18;5;11;56;6;22;180
Echteld;G0227;10832;Gelderland;P25;1977;1882;0;;1882;52;908;362;140;141;29;242;7;1
Edam-Volendam;G0385;10884;Noord-Holland;P27;5334;5151;0;;5151;3446;664;180;255;389;131;3;61;22
Ede;G0228;10743;Gelderland;P25;22533;22339;0;;22339;1278;4505;5110;5002;1354;446;4280;260;104
Eelde;G0113;10622;Drenthe;P22;2469;2209;0;;2209;44;1119;126;74;611;138;7;79;11
Eemnes;G0317;10248;Utrecht;P26;1184;1083;0;;1083;519;85;246;56;41;49;66;11;10
Eenrum;G0011;10904;Groningen;P20;1628;1508;0;;1508;48;707;354;35;262;42;2;55;3
Eersel;G0770;10741;Noord-Brabant;P30;1810;1751;0;;1751;1697;18;8;18;2;;;3;5
Eethen;G0771;10010;Noord-Brabant;P30;1494;1416;0;;1416;58;191;546;319;45;8;246;2;1
Egmond aan Zee;G0386;10421;Noord-Holland;P27;1858;2146;0;;2146;261;1215;165;81;177;196;;32;19
Egmond-Binnen;G0387;10989;Noord-Holland;P27;1406;1426;0;;1426;1180;140;16;11;40;22;1;6;10
Eibergen;G0229;10436;Gelderland;P25;6006;5570;0;;5570;2431;1501;447;705;436;21;5;20;4
Eijgelshoven;G0904;10960;Limburg;P31;2142;1932;0;;1932;1467;170;13;16;23;152;7;6;78
Eijsden;G0905;10314;Limburg;P31;2363;2155;0;;2155;1943;76;19;4;3;14;6;9;81
Eindhoven;G0772;11298;Noord-Brabant;P30;69618;63593;0;;63593;40409;13626;2571;1282;2166;2087;107;365;980
Elburg;G0230;11113;Gelderland;P25;1616;1520;0;;1520;13;146;350;559;41;6;401;4;
Elkerzee;G1053;10184;Zeeland;P29;338;327;0;;327;3;77;113;68;38;;26;2;
Ellemeet;G1054;10102;Zeeland;P29;312;277;0;;277;3;125;41;53;38;1;13;3;
Ellewoutsdijk;G0663;11300;Zeeland;P29;366;302;0;;302;7;119;25;79;31;;12;24;5
Elsloo;G0903;11187;Limburg;P31;1681;1521;0;;1521;1410;62;9;2;2;11;1;1;23
Elst;G0231;11188;Gelderland;P25;5508;5268;0;;5268;3102;898;484;431;179;45;59;34;36
Emmen;G0114;11180;Drenthe;P22;26598;23163;0;;23163;4052;7118;3866;3342;2328;2258;48;106;45
Empel en Meerwijk;G0773;10295;Noord-Brabant;P30;413;372;0;;372;359;4;6;1;;;1;;1
Engelen;G0774;10322;Noord-Brabant;P30;395;349;0;;349;292;31;2;19;2;;2;1;
Enkhuizen;G0388;10729;Noord-Holland;P27;6139;5648;0;;5648;826;1962;1189;688;481;285;185;20;12
Enschede;G0153;10364;Overijssel;P23;59464;53184;0;;53184;12225;15339;5409;3899;6032;9557;208;281;234
Epe;G0232;10940;Gelderland;P25;10120;9932;0;;9932;1021;3787;1501;1553;1304;228;410;94;34
Ermelo;G0233;10732;Gelderland;P25;10538;11453;0;;11453;345;1547;3137;3656;744;244;1599;111;70
Erp;G0775;10385;Noord-Brabant;P30;1749;1668;0;;1668;1646;5;1;1;3;2;;4;6
Esch;G0776;10709;Noord-Brabant;P30;439;417;0;;417;375;32;;4;2;1;;;3
Est en Opijnen;G0234;11092;Gelderland;P25;628;563;0;;563;9;221;69;137;51;;64;12;
Etten-Leur;G0777;10750;Noord-Brabant;P30;5990;5540;0;;5540;4689;466;74;163;25;33;5;25;60
Everdingen;G0508;10638;Zuid-Holland;P28;597;553;0;;553;91;62;119;51;81;4;142;3;
Ewijk;G0235;10471;Gelderland;P25;1687;1547;0;;1547;1399;78;3;49;3;1;1;5;8
Ezinge;G0012;10136;Groningen;P20;1159;1069;0;;1069;1;350;451;44;164;14;1;44;
Ferwerderadeel;G0068;11284;Fryslân;P21;5042;4672;0;;4672;18;935;2446;889;266;53;5;59;1
Fijnaart en Heijningen;G0778;10206;Noord-Brabant;P30;2658;2496;0;;2496;993;168;340;851;46;2;83;2;11
Finsterwolde;G0013;10212;Groningen;P20;1986;1732;0;;1732;20;375;71;85;206;929;5;37;4
Franeker;G0069;11226;Fryslân;P21;5365;4422;0;;4422;588;1400;1143;507;324;377;6;74;3
Franekeradeel;G0070;10404;Fryslân;P21;3053;2692;0;;2692;114;1004;605;616;202;90;9;50;2
Gaasterland;G0071;10036;Fryslân;P21;3656;3478;0;;3478;772;396;705;1257;86;43;179;36;4
Gameren;G1058;10037;Gelderland;P25;1147;1023;0;;1023;12;219;388;30;13;4;351;6;
Gasselte;G0115;11099;Drenthe;P22;2120;1937;0;;1937;22;843;270;254;262;245;3;38;
Geertruidenberg;G0779;10101;Noord-Brabant;P30;1760;1585;0;;1585;1200;179;77;47;40;13;6;5;18
Geervliet;G0509;10842;Zuid-Holland;P28;676;615;0;;615;;235;94;82;131;34;34;4;1
Geffen;G0780;10370;Noord-Brabant;P30;1065;1003;0;;1003;947;44;2;3;;;1;1;5
Geldermalsen;G0236;10881;Gelderland;P25;3146;2775;0;;2775;52;1146;276;614;255;60;341;26;5
Geldrop;G0781;10529;Noord-Brabant;P30;6090;5700;0;;5700;4396;842;110;84;68;118;7;20;55
Geleen;G0906;10048;Limburg;P31;9117;8625;0;;8625;6280;1294;276;91;67;456;10;33;118
Gemert;G0782;10277;Noord-Brabant;P30;4404;4155;0;;4155;3909;112;21;20;17;41;1;6;28
Gendringen;G0237;10260;Gelderland;P25;5914;5654;0;;5654;4432;403;274;419;52;27;5;6;36
Gendt;G0238;10440;Gelderland;P25;1984;1919;0;;1919;1734;52;30;71;5;7;5;2;13
Genemuiden;G0154;10746;Overijssel;P23;2154;1882;0;;1882;6;368;559;319;52;7;561;8;2
Gennep;G0907;10542;Limburg;P31;2056;1951;0;;1951;1541;227;19;28;16;28;2;12;78
Geulle;G0908;10530;Limburg;P31;1026;948;0;;948;840;57;4;1;9;7;;3;27
Giessen;G0783;10193;Noord-Brabant;P30;319;277;0;;277;;44;96;112;8;;17;;
Giessendam;G1063;10606;Zuid-Holland;P28;2583;2216;0;;2216;5;377;654;234;201;56;670;19;
Giessen-Nieuwkerk;G1062;10255;Zuid-Holland;P28;675;620;0;;620;4;112;288;79;72;1;58;6;
Gieten;G0116;10506;Drenthe;P22;2202;2005;0;;2005;20;1055;105;242;479;60;5;36;3
Giethoorn;G0155;10708;Overijssel;P23;1518;1435;0;;1435;26;664;123;221;153;227;3;11;7
Gilze en Rijen;G0784;11375;Noord-Brabant;P30;5120;5133;0;;5133;4684;221;56;15;38;38;5;14;62
Goedereede;G0511;10981;Zuid-Holland;P28;742;648;0;;648;4;165;228;47;76;12;110;6;
Goes;G0664;10674;Zeeland;P29;7426;6861;0;;6861;1070;2007;1019;1532;592;78;260;241;62
Goirle;G0785;10971;Noord-Brabant;P30;3407;3115;0;;3115;2734;178;19;13;19;28;;29;95
Goor;G0156;10076;Overijssel;P23;3096;2989;0;;2989;703;1462;116;149;287;251;4;3;14
Gorinchem;G0512;10942;Zuid-Holland;P28;9205;8424;0;;8424;954;3665;1551;423;1208;380;148;42;53
Gorssel;G0239;10085;Gelderland;P25;6148;5912;0;;5912;366;1908;1044;1213;1020;254;18;62;27
Gouda;G0513;10302;Zuid-Holland;P28;21438;19702;0;;19702;4264;6547;3114;1120;1986;1551;736;204;180
Gouderak;G0514;11258;Zuid-Holland;P28;1165;1063;0;;1063;25;328;320;40;159;5;180;6;
Goudriaan;G0515;10450;Zuid-Holland;P28;365;347;0;;347;;32;187;18;67;1;42;;
Goudswaard;G0516;10914;Zuid-Holland;P28;797;725;0;;725;2;110;142;52;84;3;325;7;
Graauw en Langendam;G0665;10312;Zeeland;P29;1070;886;0;;886;826;18;11;3;6;1;1;2;18
Graft;G0389;10484;Noord-Holland;P27;675;649;0;;649;181;246;18;20;58;121;1;4;
Gramsbergen;G0157;11339;Overijssel;P23;2667;2469;0;;2469;68;651;785;775;157;8;10;14;1
Grathem;G0909;11008;Limburg;P31;884;856;0;;856;820;15;2;;1;3;;2;13
Grave;G0786;10165;Noord-Brabant;P30;2354;2108;0;;2108;1852;91;39;24;42;14;4;5;37
Grevenbicht;G0910;10624;Limburg;P31;1157;1033;0;;1033;843;106;4;39;2;21;;4;14
Grijpskerk;G0016;10244;Groningen;P20;2132;2031;0;;2031;9;306;1280;160;249;9;1;16;1
Grijpskerke;G1067;10801;Zeeland;P29;501;496;0;;496;6;27;290;107;;1;58;7;
Groede;G0667;11312;Zeeland;P29;1584;1422;0;;1422;219;535;135;136;318;18;10;46;5
Groenlo;G0240;11094;Gelderland;P25;2610;2542;0;;2542;2059;286;23;62;80;12;1;4;15
Groesbeek;G0241;10616;Gelderland;P25;5486;5385;0;;5385;4333;481;100;175;89;67;5;46;89
Groningen;G0014;10426;Groningen;P20;78680;68999;0;;68999;5966;24639;11443;6813;8107;8634;194;2741;462
Gronsveld;G0911;10323;Limburg;P31;1074;1090;0;;1090;1048;11;1;;1;3;;2;24
Groot-Ammers;G0520;11205;Zuid-Holland;P28;968;869;0;;869;6;146;331;40;155;;190;1;
Grootebroek;G0391;11337;Noord-Holland;P27;2289;2238;0;;2238;1937;174;10;4;30;68;1;1;13
Grootegast;G0015;11080;Groningen;P20;4395;4006;0;;4006;12;688;2471;467;191;123;20;28;6
Grubbenvorst;G0912;10176;Limburg;P31;1551;1503;0;;1503;1463;13;4;;2;2;;3;16
Gulpen;G0913;11032;Limburg;P31;1804;1660;0;;1660;1501;57;5;4;16;19;1;10;47
Haaften;G0242;10125;Gelderland;P25;1615;1488;0;;1488;8;628;255;308;38;3;236;12;
Haaksbergen;G0158;11435;Overijssel;P23;5737;5485;0;;5485;3789;938;87;65;477;79;9;15;26
Haamstede;G1068;10701;Zeeland;P29;1007;1045;0;;1045;16;270;223;260;198;10;55;11;2
Haaren;G0788;11155;Noord-Brabant;P30;1316;1258;0;;1258;1202;31;6;2;1;1;3;1;11
Haarlem;G0392;10357;Noord-Holland;P27;94751;84152;0;;84152;22830;27718;7963;3790;8209;9329;265;2204;1844
Haarlemmerliede en Spaarnwoude;G0393;10508;Noord-Holland;P27;1966;1828;0;;1828;998;223;175;98;153;123;17;18;23
Haarlemmermeer;G0394;11387;Noord-Holland;P27;19259;17953;0;;17953;4163;3588;4132;3059;927;1319;324;223;218
Haarzuilens;G1069;10737;Utrecht;P26;261;263;0;;263;226;4;13;9;2;;4;;5
Haastrecht;G0521;11049;Zuid-Holland;P28;1351;1261;0;;1261;506;250;208;70;128;22;65;7;5
Haelen;G0914;10321;Limburg;P31;1507;1458;0;;1458;1381;29;1;;;9;1;;37
Hagestein;G0522;10297;Zuid-Holland;P28;487;439;0;;439;147;30;54;84;46;1;72;1;4
Halsteren;G0789;10387;Noord-Brabant;P30;3954;3541;0;;3541;2733;405;110;74;92;39;7;30;51
Haps;G0790;11283;Noord-Brabant;P30;880;862;0;;862;847;7;;;;1;;1;6
Hardenberg;G0160;10174;Overijssel;P23;10008;9448;0;;9448;1052;2209;3621;1970;478;66;18;27;7
Harderwijk;G0243;10786;Gelderland;P25;6159;6090;0;;6090;292;831;1613;2303;252;114;639;30;16
Hardinxveld;G1070;10167;Zuid-Holland;P28;4344;3606;0;;3606;22;1276;724;145;279;135;992;32;1
Haren;G0017;11058;Groningen;P20;7049;6265;0;;6265;118;1618;1481;1117;1351;251;14;271;44
Harenkarspel;G0395;10963;Noord-Holland;P27;1852;1746;0;;1746;1138;323;109;3;85;83;;5;
Harlingen;G0072;10909;Fryslân;P21;5952;5797;0;;5797;844;1993;873;1031;428;532;9;73;14
Harmelen;G0318;10183;Utrecht;P26;1370;1304;0;;1304;559;77;321;209;11;4;72;9;42
Haskerland;G0073;10022;Fryslân;P21;6054;5259;0;;5259;591;1895;719;1387;313;213;19;112;10
Hasselt;G0161;10115;Overijssel;P23;1290;1207;0;;1207;55;235;503;289;55;7;62;1;
Hattem;G0244;10673;Gelderland;P25;3202;3014;0;;3014;55;1123;668;677;273;162;28;20;8
Havelte;G0117;10186;Drenthe;P22;2331;2140;0;;2140;42;1282;119;165;464;24;3;40;1
Hazerswoude;G0524;11257;Zuid-Holland;P28;2720;2563;0;;2563;1001;83;723;525;59;16;141;3;12
Hedel;G0245;10982;Gelderland;P25;950;881;0;;881;385;81;157;67;11;10;161;7;2
Heel en Panheel;G0915;11208;Limburg;P31;1425;1397;0;;1397;1357;15;3;;4;6;;2;10
Heemskerk;G0396;10679;Noord-Holland;P27;2750;2665;0;;2665;2078;243;41;100;61;116;5;17;4
Heemstede;G0397;11288;Noord-Holland;P27;13849;12276;0;;12276;3495;1962;1788;772;2704;376;37;407;735
Heenvliet;G0525;10823;Zuid-Holland;P28;747;664;0;;664;3;174;83;32;226;127;11;8;
Heer;G0916;11407;Limburg;P31;3366;2971;0;;2971;2139;567;19;3;36;67;1;25;114
Heerde;G0246;10291;Gelderland;P25;6243;5748;0;;5748;49;1931;1211;1860;525;47;82;35;8
Heerenveen;G0074;10680;Fryslân;P21;13803;12117;0;;12117;431;4628;1689;1163;1380;2360;20;425;21
Heerewaarden;G0247;10067;Gelderland;P25;587;516;0;;516;11;348;18;17;107;8;6;1;
Heerhugowaard;G0398;10752;Noord-Holland;P27;2857;2742;0;;2742;1853;462;204;42;93;64;1;8;15
Heerjansdam;G0526;10540;Zuid-Holland;P28;785;720;0;;720;4;189;187;217;56;23;43;1;
Heerlen;G0917;10902;Limburg;P31;28394;26147;0;;26147;17831;3612;542;502;314;2094;27;228;997
Heesch;G0791;10149;Noord-Brabant;P30;1844;1721;0;;1721;1621;55;4;16;10;5;;4;6
Heeswijk;G1072;11229;Noord-Brabant;P30;986;956;0;;956;941;5;;;1;2;;;7
Heeze;G0793;10462;Noord-Brabant;P30;1985;1941;0;;1941;1727;83;17;67;17;5;2;3;20
Hei- en Boeicop;G0527;11024;Zuid-Holland;P28;423;387;0;;387;2;23;136;34;32;1;157;2;
Heiloo;G0399;10793;Noord-Holland;P27;5488;5138;0;;5138;2264;1424;289;156;566;319;8;56;56
Heinenoord;G0528;10821;Zuid-Holland;P28;1259;1131;0;;1131;12;279;314;202;137;14;160;12;1
Heinkenszand;G0672;10413;Zeeland;P29;1203;1129;0;;1129;521;77;155;248;40;2;54;10;22
Heino;G0162;10854;Overijssel;P23;1810;1730;0;;1730;836;263;115;431;62;7;3;7;6
Hekelingen;G1074;10873;Zuid-Holland;P28;610;566;0;;566;2;279;94;22;130;13;18;7;1
Hekendorp;G1075;10217;Zuid-Holland;P28;396;362;0;;362;109;32;67;81;27;1;43;1;1
Helden;G0918;10205;Limburg;P31;4031;3928;0;;3928;3836;24;2;7;11;1;2;4;41
Hellendoorn;G0163;10806;Overijssel;P23;9507;9257;0;;9257;1962;1754;2010;2811;401;137;119;50;13
Hellevoetsluis;G0530;11078;Zuid-Holland;P28;578;559;0;;559;37;272;58;56;112;10;9;5;
Helmond;G0794;10932;Noord-Brabant;P30;17514;16064;0;;16064;12536;1970;158;119;203;746;10;110;212
Helvoirt;G0795;10389;Noord-Brabant;P30;1365;1278;0;;1278;1133;54;3;33;6;;1;3;45
Hemelumer Oldeferd;G0075;10334;Fryslân;P21;3023;2774;0;;2774;99;499;606;1414;65;23;34;34;
Hemmen;G1076;11162;Gelderland;P25;128;124;0;;124;8;13;23;41;7;;31;1;
Hendrik-Ido-Ambacht;G0531;10416;Zuid-Holland;P28;3035;2835;0;;2835;19;749;692;408;251;40;667;9;
Hengelo;G0248;10359;Gelderland;P25;3070;2882;0;;2882;996;515;684;414;176;24;53;15;5
Hengelo;G0164;10907;Overijssel;P23;27081;25130;0;;25130;8677;8571;1475;1283;2232;2569;60;138;125
Hennaarderadeel;G0076;10877;Fryslân;P21;2769;2579;0;;2579;120;644;536;1058;159;18;21;23;
Hensbroek;G0401;10181;Noord-Holland;P27;544;510;0;;510;273;153;9;8;21;42;2;1;1
Herkingen;G1078;10267;Zuid-Holland;P28;569;499;0;;499;4;26;195;24;17;2;229;2;
Herten;G0919;10138;Limburg;P31;916;868;0;;868;816;14;4;5;4;6;;;19
Herwen en Aerdt;G0249;10819;Gelderland;P25;3029;2793;0;;2793;2102;293;88;188;50;8;7;15;42
Herwijnen;G0250;11266;Gelderland;P25;1055;968;0;;968;6;299;298;217;66;3;78;1;
Het Bildt;G0063;10128;Fryslân;P21;5454;4990;0;;4990;21;1557;1650;777;426;417;3;136;3
Heteren;G0251;10290;Gelderland;P25;2308;2327;0;;2327;1195;178;266;310;51;37;272;7;11
Heukelum;G0533;11308;Zuid-Holland;P28;1040;969;0;;969;9;408;227;142;148;8;23;3;1
Heumen;G0252;10600;Gelderland;P25;1435;1359;0;;1359;1235;48;14;22;16;3;1;5;15
Heusden;G0797;10307;Noord-Brabant;P30;1660;1552;0;;1552;929;200;114;175;46;10;52;6;20
Heythuysen;G0920;10840;Limburg;P31;1563;1521;0;;1521;1467;13;4;5;3;2;1;3;23
Hillegom;G0534;11236;Zuid-Holland;P28;6864;6533;0;;6533;3322;938;694;908;269;82;70;31;219
Hilvarenbeek;G0798;11297;Noord-Brabant;P30;2593;2473;0;;2473;2021;246;27;40;74;30;1;13;21
Hilversum;G0402;11285;Noord-Holland;P27;50618;45269;0;;45269;9423;11608;8168;3876;5764;3998;734;944;754
Hindeloopen;G0077;10672;Fryslân;P21;560;519;0;;519;13;236;84;145;9;21;1;9;1
Hoedekenskerke;G0673;11072;Zeeland;P29;865;855;0;;855;406;52;55;165;25;14;102;3;33
Hoek;G0674;10038;Zeeland;P29;1715;1556;0;;1556;42;374;243;333;232;13;302;15;2
Hoenkoop;G0319;10611;Utrecht;P26;303;292;0;;292;135;14;68;39;11;;21;1;3
Hoensbroek;G0921;11177;Limburg;P31;7542;6853;0;;6853;4609;983;106;116;21;834;4;36;144
Hoevelaken;G0253;11358;Gelderland;P25;955;895;0;;895;50;182;119;294;29;4;206;10;1
Hoeven;G0799;10065;Noord-Brabant;P30;2468;2265;0;;2265;2060;124;18;8;5;19;1;9;21
Holten;G0165;11246;Overijssel;P23;2869;2819;0;;2819;70;639;443;1188;388;38;16;25;12
Hontenisse;G0675;11123;Zeeland;P29;3252;2824;0;;2824;2455;93;33;95;35;12;14;21;66
Hoofdplaat;G0676;10147;Zeeland;P29;681;644;0;;644;523;17;17;53;2;5;8;9;10
Hoogblokland;G0535;11040;Zuid-Holland;P28;516;484;0;;484;4;140;170;10;131;1;26;2;
Hooge en Lage Mierde;G0801;10476;Noord-Brabant;P30;1218;1183;0;;1183;1131;24;10;7;4;1;1;1;4
Hooge en Lage Zwaluwe;G0802;11318;Noord-Brabant;P30;2453;2322;0;;2322;1105;185;154;780;51;15;24;6;2
Hoogeloon, Hapert en Casteren;G0800;10657;Noord-Brabant;P30;1534;1506;0;;1506;1439;18;1;42;1;1;;;4
Hoogeveen;G0118;10839;Drenthe;P22;10161;8866;0;;8866;92;1724;4029;1999;398;397;167;45;15
Hoogezand;G1083;10410;Groningen;P20;7752;6878;0;;6878;544;2995;608;332;906;1182;12;278;21
Hoogkarspel;G0403;10642;Noord-Holland;P27;1279;1202;0;;1202;832;257;16;7;66;22;;2;
Hoogkerk;G1084;10953;Groningen;P20;2591;2385;0;;2385;55;776;829;339;159;161;3;59;4
Hoogland;G0320;10545;Utrecht;P26;2032;1949;0;;1949;1449;69;92;210;25;16;65;11;12
Hoogwoud;G0404;11029;Noord-Holland;P27;1345;1247;0;;1247;611;338;28;8;165;87;1;8;1
Hoorn;G0405;11392;Noord-Holland;P27;8024;7327;0;;7327;2513;2569;437;221;767;669;19;79;53
Hoornaar;G0536;10516;Zuid-Holland;P28;459;424;0;;424;;103;203;8;84;4;21;1;
Horn;G0922;11176;Limburg;P31;1238;1260;0;;1260;1191;20;2;2;2;10;1;11;21
Horssen;G0254;10607;Gelderland;P25;581;549;0;;549;475;8;1;58;2;;1;1;3
Horst;G0923;11108;Limburg;P31;4559;4417;0;;4417;4240;46;3;4;3;19;;4;98
Houten;G0321;10230;Utrecht;P26;1456;1385;0;;1385;881;83;144;66;25;11;126;8;41
Huijbergen;G0803;10466;Noord-Brabant;P30;412;405;0;;405;376;11;5;;1;7;1;;4
Huissen;G0255;11047;Gelderland;P25;3312;3188;0;;3188;2857;100;26;117;19;9;2;8;50
Huizen;G0406;11170;Noord-Holland;P27;6545;5954;0;;5954;108;1032;2458;1208;386;146;474;112;30
Hulsberg;G0924;11216;Limburg;P31;1025;956;0;;956;862;36;5;2;2;22;;4;23
Hulst;G0677;11408;Zeeland;P29;2437;2207;0;;2207;1683;140;21;53;47;27;7;36;193
Hummelo en Keppel;G0256;11235;Gelderland;P25;2053;1978;0;;1978;354;659;348;229;313;32;13;25;5
Hunsel;G0925;10784;Limburg;P31;1433;1385;0;;1385;1353;8;5;3;1;1;;2;12
Hurwenen;G1089;11432;Gelderland;P25;332;309;0;;309;104;95;25;54;11;6;10;;4
Idaarderadeel;G0078;10815;Fryslân;P21;3894;3843;0;;3843;225;2382;270;165;355;317;4;120;5
IJlst;G0102;11062;Fryslân;P21;816;767;0;;767;8;197;259;265;21;7;1;8;1
IJsselmuiden;G0191;10641;Overijssel;P23;3717;3447;0;;3447;416;302;767;730;100;7;1111;5;9
IJsselstein;G0353;10152;Utrecht;P26;2748;2579;0;;2579;1400;254;213;397;27;10;245;13;20
IJzendijke;G0730;10688;Zeeland;P29;1581;1478;0;;1478;836;254;124;53;87;33;11;23;57
Ilpendam;G0407;10809;Noord-Holland;P27;1389;1317;0;;1317;278;414;112;129;75;276;8;24;1
Itteren;G0926;10458;Limburg;P31;325;300;0;;300;281;11;;;;;;1;7
Jabeek;G0927;10256;Limburg;P31;326;317;0;;317;297;11;1;1;;1;;3;3
Jisp;G0408;10481;Noord-Holland;P27;457;417;0;;417;29;197;12;8;72;94;1;4;
Jutphaas;G0322;10374;Utrecht;P26;5772;5313;0;;5313;1864;1574;737;456;131;228;157;93;73
Kamerik;G0323;10554;Utrecht;P26;1155;1064;0;;1064;356;40;205;241;8;;192;1;21
Kampen;G0166;10253;Overijssel;P23;13108;11921;0;;11921;1171;2820;3288;2596;443;138;1353;81;31
Kantens;G0020;10372;Groningen;P20;1354;1277;0;;1277;21;471;366;165;192;30;2;28;2
Kapelle;G0678;11223;Zeeland;P29;2395;2291;0;;2291;39;428;457;801;265;16;244;26;15
Kattendijke;G0679;11218;Zeeland;P29;707;669;0;;669;3;315;54;209;48;3;21;14;2
Katwijk;G0537;10707;Zuid-Holland;P28;10074;9480;0;;9480;543;1040;1566;5229;234;57;731;30;50
Katwoude;G0409;11136;Noord-Holland;P27;146;144;0;;144;18;33;25;42;19;3;;4;
Kedichem;G0538;10280;Zuid-Holland;P28;683;627;0;;627;11;233;140;25;185;11;16;6;
Kerkrade;G0928;10313;Limburg;P31;19516;17482;0;;17482;13382;1681;133;177;82;1487;16;73;451
Kerkwerve;G1095;10837;Zeeland;P29;449;428;0;;428;4;92;166;84;37;7;36;2;
Kerkwijk;G0257;10791;Gelderland;P25;791;723;0;;723;7;171;385;58;14;3;82;3;
Kessel;G0929;10890;Limburg;P31;1058;1002;0;;1002;975;6;;2;3;1;;2;13
Kesteren;G0258;10916;Gelderland;P25;2613;2439;0;;2439;27;621;742;86;98;31;823;11;
Klaaswaal;G0539;10284;Zuid-Holland;P28;1347;1218;0;;1218;10;393;254;203;174;19;143;22;
Klimmen;G0930;10977;Limburg;P31;1221;1140;0;;1140;1073;19;3;2;2;10;;3;28
Kloetinge;G0680;10155;Zeeland;P29;1142;1056;0;;1056;56;255;153;398;92;3;60;30;9
Kloosterburen;G0021;10628;Groningen;P20;1336;1251;0;;1251;498;274;306;11;97;7;3;38;17
Klundert;G0804;10656;Noord-Brabant;P30;2482;2426;0;;2426;765;100;841;489;36;51;117;12;15
Kockengen;G0324;10765;Utrecht;P26;747;724;0;;724;254;13;196;80;14;2;154;1;10
Koedijk;G0410;10510;Noord-Holland;P27;1205;1128;0;;1128;322;430;63;33;123;121;4;26;6
Koewacht;G0681;10892;Zeeland;P29;1293;1134;0;;1134;926;94;14;7;20;8;1;14;50
Kollumerland en Nieuwkruisland;G0079;10984;Fryslân;P21;5530;5094;0;;5094;17;655;2453;1500;258;61;131;15;4
Koog aan de Zaan;G0411;10776;Noord-Holland;P27;4397;3991;0;;3991;416;1522;404;99;363;1092;26;55;14
Kortenhoef;G1097;10467;Noord-Holland;P27;1250;1148;0;;1148;262;246;146;260;57;45;98;16;18
Kortgene;G0682;10250;Zeeland;P29;2503;2236;0;;2236;10;845;358;537;249;14;162;58;3
Koudekerk aan den Rijn;G0540;10029;Zuid-Holland;P28;951;869;0;;869;91;81;314;327;24;2;25;4;1
Koudekerke;G1098;11428;Zeeland;P29;1529;1538;0;;1538;51;289;513;439;49;70;83;33;11
Krabbendijke;G0684;11038;Zeeland;P29;1621;1432;0;;1432;6;212;230;349;61;4;549;19;2
Krimpen aan de Lek;G0541;10617;Zuid-Holland;P28;2046;1868;0;;1868;15;810;501;67;209;97;154;11;4
Krimpen aan den IJssel;G0542;10859;Zuid-Holland;P28;3606;3255;0;;3255;33;1358;400;365;238;177;673;10;1
Krommenie;G0413;10373;Noord-Holland;P27;3999;3750;0;;3750;930;991;314;72;178;1231;4;28;2
Kruiningen;G0685;10077;Zeeland;P29;2765;2548;0;;2548;389;655;294;448;368;18;328;35;13
Kuinre;G0167;11148;Overijssel;P23;483;448;0;;448;52;199;44;126;15;11;;1;
Kwadijk;G0414;10775;Noord-Holland;P27;287;271;0;;271;9;145;10;10;76;16;;3;2
Landsmeer;G0415;11225;Noord-Holland;P27;2398;2191;0;;2191;107;725;413;192;173;492;16;67;6
Langbroek;G0325;11413;Utrecht;P26;825;785;0;;785;141;100;218;132;11;8;173;;2
Lange Ruige Weide;G1101;10900;Zuid-Holland;P28;424;387;0;;387;15;10;165;100;10;1;86;;
Langedijk;G0416;10955;Noord-Holland;P27;4725;4411;0;;4411;1252;1300;819;324;333;333;22;22;6
Langerak;G0543;11127;Zuid-Holland;P28;546;499;0;;499;2;72;221;20;61;1;121;1;
Laren;G0417;10649;Noord-Holland;P27;6237;5628;0;;5628;2429;808;642;299;728;389;36;143;154
Laren (Gld.);G0259;10098;Gelderland;P25;3925;3639;0;;3639;77;915;401;685;1446;66;7;35;7
Leek;G0022;10604;Groningen;P20;4775;4331;0;;4331;31;1477;1545;414;621;142;8;86;7
Leende;G0805;11017;Noord-Brabant;P30;1206;1151;0;;1151;1081;25;11;6;4;5;;1;18
Leens;G0023;11050;Groningen;P20;2376;2211;0;;2211;215;581;883;60;328;44;2;90;8
Leerbroek;G0544;10465;Zuid-Holland;P28;530;440;0;;440;1;25;184;62;24;2;142;;
Leerdam;G0545;10685;Zuid-Holland;P28;5520;5180;0;;5180;221;1565;1660;601;325;169;593;38;8
Leersum;G0326;11142;Utrecht;P26;1667;1600;0;;1600;26;427;362;309;214;34;191;32;5
Leeuwarden;G0080;11228;Fryslân;P21;45732;40647;0;;40647;4155;16980;7168;3638;3544;2933;130;2005;94
Leeuwarderadeel;G0081;10851;Fryslân;P21;3018;2736;0;;2736;19;1362;694;174;320;84;;80;3
Leiden;G0546;10702;Zuid-Holland;P28;50931;46232;0;;46232;9620;16283;5117;6275;3223;3868;491;810;545
Leiderdorp;G0547;10058;Zuid-Holland;P28;2339;2156;0;;2156;332;350;754;521;94;27;65;8;5
Leidschendam;G0548;10742;Zuid-Holland;P28;5374;5070;0;;5070;3075;496;388;519;289;83;30;73;117
Leimuiden;G0549;11351;Zuid-Holland;P28;1160;1105;0;;1105;552;81;244;171;32;6;15;3;1
Lekkerkerk;G0550;10050;Zuid-Holland;P28;2931;2720;0;;2720;15;1152;387;79;644;73;342;28;
Lemsterland;G0082;10142;Fryslân;P21;4525;4231;0;;4231;288;1201;909;1031;121;533;76;65;7
Leusden;G0327;10978;Utrecht;P26;1687;1665;0;;1665;496;291;287;304;99;11;143;23;11
Lexmond;G0551;10930;Zuid-Holland;P28;1062;972;0;;972;3;225;358;163;75;7;139;1;1
Lichtenvoorde;G0260;10242;Gelderland;P25;4551;4383;0;;4383;3676;232;103;273;29;2;;2;66
Liempde;G0806;10390;Noord-Brabant;P30;1106;1064;0;;1064;1030;20;2;;;4;1;;7
Lienden;G0261;11093;Gelderland;P25;2833;2534;0;;2534;38;1028;453;356;216;21;392;27;3
Lieshout;G0807;10637;Noord-Brabant;P30;1471;1397;0;;1397;1334;44;4;8;2;1;;;4
Limbricht;G0931;11124;Limburg;P31;1309;1242;0;;1242;1174;29;1;;2;5;;;31
Limmen;G0418;11370;Noord-Holland;P27;1490;1438;0;;1438;1181;71;15;6;54;77;;4;30
Linne;G0932;10990;Limburg;P31;1069;1021;0;;1021;954;26;2;4;2;3;;5;25
Linschoten;G0328;11324;Utrecht;P26;1066;968;0;;968;258;40;191;187;44;14;217;7;10
Lisse;G0553;10197;Zuid-Holland;P28;5470;5192;0;;5192;2759;437;645;702;136;29;344;15;125
Lith;G0808;11219;Noord-Brabant;P30;1683;1569;0;;1569;1450;59;13;21;9;3;;2;12
Lochem;G0262;11263;Gelderland;P25;3982;3804;0;;3804;251;1397;265;334;844;573;9;99;32
Loenen;G0329;11202;Utrecht;P26;969;928;0;;928;202;118;196;208;79;17;80;15;13
Loenersloot;G1105;10208;Utrecht;P26;322;295;0;;295;80;20;75;72;5;3;37;3;
Loon op Zand;G0809;11259;Noord-Brabant;P30;6292;6027;0;;6027;5429;159;78;85;24;19;181;14;38
Loosdrecht;G0330;10639;Utrecht;P26;2393;2257;0;;2257;149;362;586;502;245;146;233;20;14
Lopik;G0331;10333;Utrecht;P26;2335;2169;0;;2169;518;347;548;308;45;25;358;15;5
Loppersum;G0024;10934;Groningen;P20;2233;2086;0;;2086;6;484;977;186;288;34;1;107;3
Losser;G0168;11166;Overijssel;P23;9492;9144;0;;9144;6684;830;125;650;201;591;2;22;39
Luyksgestel;G0810;10011;Noord-Brabant;P30;682;643;0;;643;623;7;5;5;2;1;;;
Maarheeze;G0811;11143;Noord-Brabant;P30;1747;1665;0;;1665;1592;26;7;5;3;4;2;3;23
Maarn;G0332;10392;Utrecht;P26;1318;1316;0;;1316;106;367;187;302;130;45;139;23;17
Maarssen;G0333;10191;Utrecht;P26;2624;2363;0;;2363;627;536;442;371;96;126;82;42;41
Maarsseveen;G1108;10874;Utrecht;P26;1306;1186;0;;1186;226;194;246;360;32;52;46;17;13
Maartensdijk;G0334;10691;Utrecht;P26;7023;6213;0;;6213;1034;1400;1306;730;801;189;400;120;233
Maasbracht;G0933;10964;Limburg;P31;1460;1260;0;;1260;1167;22;20;7;7;13;1;4;19
Maasbree;G0934;11352;Limburg;P31;2779;2634;0;;2634;2547;4;8;;1;3;;4;67
Maasdam;G0554;11019;Zuid-Holland;P28;1032;959;0;;959;3;306;224;161;165;10;86;4;
Maasdriel;G0263;10341;Gelderland;P25;2341;2214;0;;2214;1864;72;45;173;9;7;32;5;7
Maasland;G0555;10393;Zuid-Holland;P28;1777;1718;0;;1718;299;57;671;627;32;4;23;1;4
Maasniel;G1110;11261;Limburg;P31;2872;2651;0;;2651;2346;150;20;26;20;17;4;14;54
Maassluis;G0556;10880;Zuid-Holland;P28;5993;5512;0;;5512;374;1739;1880;1170;146;67;82;39;15
Maastricht;G0935;10182;Limburg;P31;40882;36508;0;;36508;22936;7670;345;161;568;1902;59;826;2041
Made en Drimmelen;G0812;10258;Noord-Brabant;P30;3131;2824;0;;2824;2341;164;95;110;56;15;2;23;18
Margraten;G0936;11243;Limburg;P31;774;734;0;;734;693;9;2;;2;3;;6;19
Markelo;G0169;11382;Overijssel;P23;3578;3262;0;;3262;190;1023;690;488;744;68;25;31;3
Marken;G0419;10901;Noord-Holland;P27;868;743;0;;743;1;39;257;423;12;2;2;7;
Marum;G0025;11431;Groningen;P20;3911;3569;0;;3569;23;1232;1181;194;522;275;7;129;6
Maurik;G0264;10300;Gelderland;P25;2645;2387;0;;2387;144;1016;421;359;304;40;87;10;6
Medemblik;G0420;11215;Noord-Holland;P27;2480;2315;0;;2315;983;527;287;171;113;188;15;21;10
Meeden;G0026;10304;Groningen;P20;1174;1073;0;;1073;8;414;301;39;141;120;3;47;
Meerkerk;G0557;10618;Zuid-Holland;P28;1158;1081;0;;1081;6;312;408;61;193;11;85;4;1
Meerlo;G0937;11416;Limburg;P31;1423;1392;0;;1392;1362;12;3;;2;1;;2;10
Meerssen;G0938;10494;Limburg;P31;3619;3427;0;;3427;2982;205;23;8;29;37;;9;134
Megen, Haren en Macharen;G0813;10988;Noord-Brabant;P30;1077;1024;0;;1024;994;14;4;;1;1;;2;8
Meijel;G0941;10925;Limburg;P31;1396;1371;0;;1371;1345;6;;;;2;1;;17
Melick en Herkenbosch;G0939;10196;Limburg;P31;1300;1196;0;;1196;1129;30;6;4;1;3;;2;21
Meliskerke;G1112;11221;Zeeland;P29;377;340;0;;340;1;6;123;23;;;185;2;
Melissant;G1113;10918;Zuid-Holland;P28;1162;1011;0;;1011;30;220;306;127;34;2;285;7;
Menaldumadeel;G0083;11144;Fryslân;P21;6585;6118;0;;6118;272;2583;1424;856;457;281;11;220;14
Meppel;G0119;11204;Drenthe;P22;8851;8036;0;;8036;249;3169;1449;1846;919;236;65;84;19
Merkelbeek;G0940;10763;Limburg;P31;813;765;0;;765;728;15;1;;;11;1;1;8
Mheer;G0942;10538;Limburg;P31;530;500;0;;500;466;9;1;4;7;2;;3;8
Middelburg;G0687;10122;Zeeland;P29;12913;12153;0;;12153;854;4521;2566;1652;936;356;763;446;59
Middelharnis;G0559;11067;Zuid-Holland;P28;3043;2724;0;;2724;111;678;780;138;363;22;597;23;12
Middelie;G0421;10452;Noord-Holland;P27;339;316;0;;316;3;218;5;5;62;16;;7;
Middelstum;G0027;11199;Groningen;P20;1592;1493;0;;1493;3;327;840;133;121;39;4;24;2
Midwolda;G0028;10356;Groningen;P20;2724;2520;0;;2520;15;626;753;688;214;171;12;38;3
Midwoud;G0422;10924;Noord-Holland;P27;722;674;0;;674;39;388;11;6;151;66;;11;2
Mierlo;G0814;10215;Noord-Brabant;P30;3371;3169;0;;3169;2895;174;12;8;17;43;2;9;9
Mijdrecht;G0336;11379;Utrecht;P26;2593;2452;0;;2452;986;269;511;486;54;21;79;12;34
Mijnsheerenland;G0564;11112;Zuid-Holland;P28;1134;1066;0;;1066;6;194;425;192;160;2;84;3;
Mill en Sint Hubert;G0815;10535;Noord-Brabant;P30;3063;2903;0;;2903;2808;43;11;4;4;8;;2;23
Millingen aan de Rijn;G0265;10072;Gelderland;P25;1929;1683;0;;1683;1448;153;4;7;10;23;2;6;30
Moergestel;G0816;11191;Noord-Brabant;P30;1488;1437;0;;1437;1371;38;1;;7;4;;4;12
Moerkapelle;G0560;11383;Zuid-Holland;P28;532;499;0;;499;;106;223;40;31;;96;3;
Molenaarsgraaf;G0561;10166;Zuid-Holland;P28;347;309;0;;309;;40;143;29;19;2;75;;1
Monnickendam;G0423;10983;Noord-Holland;P27;1610;1521;0;;1521;339;267;204;422;142;107;2;31;7
Monster;G0562;10019;Zuid-Holland;P28;6462;6202;0;;6202;2706;605;1029;567;148;34;620;26;467
Montfoort;G0335;10033;Utrecht;P26;1214;1140;0;;1140;763;48;97;97;9;1;70;4;51
Montfort;G0943;10266;Limburg;P31;845;815;0;;815;784;19;2;;1;5;;;4
Mook en Middelaar;G0944;10271;Limburg;P31;1059;1019;0;;1019;907;53;8;1;8;8;1;4;29
Moordrecht;G0563;10120;Zuid-Holland;P28;1698;1556;0;;1556;160;515;349;82;219;9;212;10;
Muiden;G0424;10958;Noord-Holland;P27;1864;1775;0;;1775;388;428;316;436;82;71;26;13;15
Munstergeleen;G0945;10273;Limburg;P31;860;798;0;;798;704;62;5;;3;8;;3;13
Muntendam;G0029;10550;Groningen;P20;2206;1986;0;;1986;29;1098;171;182;149;301;;52;4
Naaldwijk;G0565;11418;Zuid-Holland;P28;7884;7727;0;;7727;2388;1094;1802;1314;700;35;129;15;250
Naarden;G0425;10187;Noord-Holland;P27;6843;5932;0;;5932;1095;1449;925;431;1421;233;118;141;119
Nederhemert;G1115;10310;Gelderland;P25;651;590;0;;590;4;93;129;34;9;3;312;4;2
Nederhorst den Berg;G0426;10715;Noord-Holland;P27;1310;1222;0;;1222;401;136;256;277;14;115;6;6;11
Nederweert;G0946;10681;Limburg;P31;3954;3741;0;;3741;3669;13;1;2;1;3;2;7;43
Neede;G0266;10367;Gelderland;P25;4023;3796;0;;3796;682;1800;335;309;516;113;3;35;3
Neer;G0947;10682;Limburg;P31;1195;1170;0;;1170;1147;15;;1;;3;1;1;2
Nibbixwoud;G0427;10091;Noord-Holland;P27;866;836;0;;836;521;160;9;12;105;24;;4;1
Nieuw- en Sint Joosland;G1117;11340;Zeeland;P29;806;733;0;;733;5;172;132;239;41;1;108;34;1
Nieuw-Beijerland;G0566;10092;Zuid-Holland;P28;1043;922;0;;922;9;333;198;37;78;3;261;2;1
Nieuwe Niedorp;G0428;10073;Noord-Holland;P27;1171;1073;0;;1073;231;477;38;14;139;162;1;11;
Nieuwe Pekela;G0030;10950;Groningen;P20;3150;2781;0;;2781;209;769;610;469;209;432;17;59;7
Nieuwe Tonge;G1119;10502;Zuid-Holland;P28;1298;1156;0;;1156;15;386;333;26;60;3;328;5;
Nieuwenhagen;G0948;10088;Limburg;P31;2585;2317;0;;2317;1766;195;17;5;11;256;1;27;39
Nieuwenhoorn;G1121;10338;Zuid-Holland;P28;1056;986;0;;986;3;528;72;39;287;37;2;15;3
Nieuwer-Amstel;G1249;10799;Noord-Holland;P27;11920;10801;0;;10801;2990;2144;2061;1520;1262;442;91;133;158
Nieuwerkerk;G1122;10911;Zeeland;P29;1134;1021;0;;1021;3;258;264;106;140;2;228;15;5
Nieuwerkerk aan den IJssel;G0567;10855;Zuid-Holland;P28;2346;2197;0;;2197;184;694;325;434;208;26;311;12;3
Nieuweschans;G0031;10008;Groningen;P20;1178;1012;0;;1012;12;356;54;56;102;386;2;36;8
Nieuw-Ginneken;G0817;10406;Noord-Brabant;P30;2837;2699;0;;2699;2348;201;26;15;32;18;3;5;51
Nieuw-Helvoet;G1118;10264;Zuid-Holland;P28;1468;1394;0;;1394;12;752;128;76;327;22;13;62;2
Nieuwkoop;G0569;10728;Zuid-Holland;P28;1914;1847;0;;1847;935;156;163;310;145;10;75;11;42
Nieuwland;G0570;11213;Zuid-Holland;P28;379;344;0;;344;3;80;139;19;41;7;52;3;
Nieuw-Lekkerland;G0571;10547;Zuid-Holland;P28;2370;2169;0;;2169;9;517;540;254;123;40;664;20;2
Nieuwleusen;G0170;10384;Overijssel;P23;2383;2165;0;;2165;14;359;448;993;179;11;133;26;2
Nieuwolda;G0032;10126;Groningen;P20;1145;1023;0;;1023;5;388;195;190;173;51;4;17;
Nieuwpoort;G0572;10748;Zuid-Holland;P28;489;452;0;;452;;73;159;33;70;5;111;;1
Nieuwstadt;G0949;11140;Limburg;P31;736;707;0;;707;665;17;2;3;1;5;1;1;12
Nieuwveen;G0573;10487;Zuid-Holland;P28;1129;963;0;;963;417;90;182;171;45;6;17;10;25
Nieuwvliet;G0690;11165;Zeeland;P29;317;294;0;;294;8;82;35;42;115;1;2;9;
Nieuw-Vossemeer;G0818;10401;Noord-Brabant;P30;882;800;0;;800;705;27;16;27;10;4;1;5;5
Nigtevecht;G0337;10160;Utrecht;P26;439;467;0;;467;35;116;127;154;14;13;5;3;
Nijeveen;G0121;10774;Drenthe;P22;887;847;0;;847;3;224;212;258;139;3;1;7;
Nijkerk;G0267;10446;Gelderland;P25;6502;6182;0;;6182;415;1051;1627;2206;120;64;649;27;23
Nijmegen;G0268;11209;Gelderland;P25;58582;53184;0;;53184;32289;9725;1741;1851;2303;2108;108;730;2329
Nisse;G0691;11086;Zeeland;P29;424;390;0;;390;60;40;43;146;15;;66;11;9
Nistelrode;G0819;10094;Noord-Brabant;P30;1708;1753;0;;1753;1643;46;24;19;6;4;1;4;6
Noorbeek;G0950;10283;Limburg;P31;452;434;0;;434;382;15;3;7;2;1;1;2;21
Noordbroek;G1126;10814;Groningen;P20;1307;1137;0;;1137;16;479;66;84;237;187;3;59;6
Noorddijk;G1127;10979;Groningen;P20;1507;1298;0;;1298;21;504;205;139;235;88;2;93;11
Noordeloos;G0574;10296;Zuid-Holland;P28;741;696;0;;696;4;121;335;26;109;;97;4;
Noordgouwe;G1128;11107;Zeeland;P29;553;525;0;;525;1;198;117;89;82;2;31;5;
Noordoostelijke Polder;G1404;10144;Niet-provinciaal ingedeeld;P99;1268;3885;0;;3885;856;1024;712;419;123;657;72;14;8
Noordwelle;G1129;10055;Zeeland;P29;270;271;0;;271;6;117;35;38;48;9;13;5;
Noordwijk;G0575;10769;Zuid-Holland;P28;7923;7819;0;;7819;3089;1091;1274;1153;677;153;43;80;259
Noordwijkerhout;G0576;11134;Zuid-Holland;P28;4141;3517;0;;3517;3006;104;50;238;22;13;5;9;70
Nootdorp;G0577;10601;Zuid-Holland;P28;1105;1064;0;;1064;713;87;68;129;34;1;14;11;7
Norg;G0120;10608;Drenthe;P22;2528;2337;0;;2337;76;982;373;285;522;49;9;36;5
Nuenen, Gerwen en Nederwetten;G0820;10761;Noord-Brabant;P30;2637;2503;0;;2503;2211;130;21;70;32;23;;5;11
Nuland;G0821;10118;Noord-Brabant;P30;821;765;0;;765;744;10;2;4;2;;;;3
Numansdorp;G0578;11346;Zuid-Holland;P28;2587;2419;0;;2419;18;854;699;346;266;18;215;3;
Nuth;G0951;10104;Limburg;P31;2399;2265;0;;2265;1873;248;7;17;2;74;2;3;39
Obbicht en Papenhoven;G0952;10388;Limburg;P31;813;743;0;;743;655;55;2;3;4;8;2;2;12
Obdam;G0429;11338;Noord-Holland;P27;1077;1047;0;;1047;915;89;;6;20;10;;2;5
Odijk;G1131;11003;Utrecht;P26;293;287;0;;287;167;18;18;42;11;2;21;3;5
Odoorn;G0122;11320;Drenthe;P22;6818;5829;0;;5829;333;2336;692;724;1155;511;13;59;6
Oeffelt;G0822;10360;Noord-Brabant;P30;783;741;0;;741;721;15;1;2;;1;;1;
Oegstgeest;G0579;10287;Zuid-Holland;P28;5779;5221;0;;5221;1077;868;1103;1078;719;54;92;76;154
Ohé en Laak;G0953;10420;Limburg;P31;358;350;0;;350;333;6;;4;2;;1;1;3
Oirsbeek;G0954;10504;Limburg;P31;1260;1139;0;;1139;1068;23;5;2;4;9;;2;26
Oirschot;G0823;10225;Noord-Brabant;P30;3141;3079;0;;3079;2911;76;18;26;9;9;;4;26
Oisterwijk;G0824;10103;Noord-Brabant;P30;4355;4469;0;;4469;3266;758;84;36;102;68;7;17;131
Oldebroek;G0269;11106;Gelderland;P25;5921;5518;0;;5518;180;1107;1596;1319;141;32;1096;39;8
Oldehove;G0035;10298;Groningen;P20;1386;1312;0;;1312;3;328;667;112;163;2;;37;
Oldekerk;G0036;11332;Groningen;P20;1136;1058;0;;1058;7;212;573;124;123;5;2;9;3
Oldemarkt;G0172;10858;Overijssel;P23;1775;1658;0;;1658;214;495;136;732;55;13;3;9;1
Oldenzaal;G0173;11100;Overijssel;P23;6360;6098;0;;6098;4592;687;196;180;227;80;10;24;102
Olst;G0174;10409;Overijssel;P23;3866;3593;0;;3593;915;1257;200;222;705;241;26;17;10
Ommen;G0175;11069;Overijssel;P23;5683;5675;0;;5675;530;910;1701;1927;441;46;74;28;18
Onstwedde;G1250;10610;Groningen;P20;11056;10080;0;;10080;1212;2390;2335;2436;457;1008;64;165;13
Ooltgensplaat;G1133;11163;Zuid-Holland;P28;1765;1635;0;;1635;247;459;332;188;77;7;302;15;8
Oost- en West-Souburg;G1135;11396;Zeeland;P29;3077;2990;0;;2990;139;1168;663;662;105;105;95;45;8
Oost-, West- en Middelbeers;G0825;10220;Noord-Brabant;P30;944;916;0;;916;890;12;4;6;3;;;;1
Oostburg;G0692;10782;Zeeland;P29;1685;1742;0;;1742;504;464;191;108;277;54;37;75;32
Oostdongeradeel;G0084;11102;Fryslân;P21;4649;4339;0;;4339;13;390;2576;1161;153;15;18;11;2
Oosterhesselen;G0123;10490;Drenthe;P22;1846;1656;0;;1656;2;659;523;163;247;49;3;9;1
Oosterhout;G0826;11280;Noord-Brabant;P30;9761;9222;0;;9222;8454;447;86;47;24;27;7;33;97
Oosterland;G1136;11237;Zeeland;P29;1117;995;0;;995;9;263;137;146;92;8;328;12;
Oosthuizen;G0430;11121;Noord-Holland;P27;581;537;0;;537;37;303;14;23;91;58;;11;
Oostkapelle;G1137;10720;Zeeland;P29;1079;955;0;;955;8;128;343;215;60;8;177;13;3
Ooststellingwerf;G0085;10836;Fryslân;P21;9509;8521;0;;8521;114;3094;1680;1213;551;1223;10;619;17
Oostvoorne;G0581;10009;Zuid-Holland;P28;2626;2828;0;;2828;103;1228;255;141;761;257;8;67;8
Oostzaan;G0431;11303;Noord-Holland;P27;2747;2536;0;;2536;43;906;330;64;284;780;36;91;2
Ootmarsum;G0176;11079;Overijssel;P23;989;1096;0;;1096;840;125;29;38;39;13;2;5;5
Ophemert;G0270;10829;Gelderland;P25;809;714;0;;714;17;281;99;160;105;6;37;9;
Oploo, Sint Anthonis en Ledeacker;G0827;11415;Noord-Brabant;P30;2386;2292;0;;2292;2244;18;6;11;1;2;2;4;4
Opmeer;G0432;10609;Noord-Holland;P27;342;327;0;;327;208;84;4;;22;8;;;1
Opperdoes;G0433;10523;Noord-Holland;P27;707;676;0;;676;2;118;346;131;28;8;38;5;
Opsterland;G0086;10005;Fryslân;P21;12068;10572;0;;10572;81;3599;2299;896;958;2239;11;481;8
Oss;G0828;10834;Noord-Brabant;P30;11028;10174;0;;10174;7759;1653;135;58;251;169;11;35;103
Ossendrecht;G0829;10929;Noord-Brabant;P30;1878;1659;0;;1659;1275;271;46;20;20;8;2;11;6
Oterleek;G0434;10133;Noord-Holland;P27;510;455;0;;455;56;237;33;13;81;29;1;5;
Ottersum;G0955;10862;Limburg;P31;1359;1331;0;;1331;1283;28;4;1;2;8;;3;2
Ottoland;G0582;10097;Zuid-Holland;P28;368;348;0;;348;4;22;221;38;19;2;41;1;
Oud- en Nieuw-Gastel;G0831;11363;Noord-Brabant;P30;3760;3494;0;;3494;3149;214;18;54;6;18;1;13;21
Oud-Alblas;G0583;10826;Zuid-Holland;P28;743;677;0;;677;2;92;258;128;32;2;159;4;
Oud-Beijerland;G0584;11301;Zuid-Holland;P28;4036;3683;0;;3683;162;903;1305;249;364;15;666;17;2
Ouddorp;G1142;11126;Zuid-Holland;P28;2385;2169;0;;2169;19;157;777;138;137;10;922;8;1
Oude Niedorp;G0436;10896;Noord-Holland;P27;808;758;0;;758;554;101;17;6;46;29;1;2;2
Oude Pekela;G0038;10848;Groningen;P20;4176;3694;0;;3694;263;1479;430;272;303;873;9;62;3
Oude Tonge;G1143;10714;Zuid-Holland;P28;1779;1586;0;;1586;386;486;212;49;113;12;316;5;7
Oudelande;G0695;11139;Zeeland;P29;510;476;0;;476;52;83;89;165;43;2;24;15;3
Oudenbosch;G0830;10397;Noord-Brabant;P30;3292;3064;0;;3064;2739;200;35;36;18;11;2;5;18
Oudendijk;G0435;11090;Noord-Holland;P27;291;273;0;;273;11;145;9;6;49;47;;5;1
Oudenhoorn;G0586;10380;Zuid-Holland;P28;547;509;0;;509;3;222;63;38;131;39;10;3;
Oudenrijn;G1144;10114;Utrecht;P26;801;725;0;;725;242;75;172;118;61;3;16;6;32
Ouder-Amstel;G0437;10998;Noord-Holland;P27;3174;2924;0;;2924;1202;470;448;523;115;98;22;20;26
Ouderkerk aan den IJssel;G0587;10095;Zuid-Holland;P28;2128;1892;0;;1892;3;331;624;58;221;19;617;17;2
Oudewater;G0589;10188;Zuid-Holland;P28;1878;1771;0;;1771;858;167;286;260;61;6;65;14;54
Oudorp;G0438;10363;Noord-Holland;P27;1143;1076;0;;1076;553;294;52;31;73;54;2;12;5
Oud-Vossemeer;G0696;10134;Zeeland;P29;1274;1139;0;;1139;274;111;254;269;103;9;104;9;6
Ouwerkerk;G1148;10968;Zeeland;P29;372;339;0;;339;3;199;29;16;53;1;26;12;
Overasselt;G0271;10952;Gelderland;P25;1290;1234;0;;1234;1170;21;3;28;;1;3;4;4
Overslag;G0697;10730;Zeeland;P29;147;134;0;;134;85;22;4;12;4;;2;1;4
Ovezande;G0698;11422;Zeeland;P29;870;758;0;;758;562;12;18;110;5;1;2;1;47
Pannerden;G0272;10518;Gelderland;P25;761;687;0;;687;649;28;3;2;2;;;;3
Papekop;G1151;11244;Zuid-Holland;P28;234;225;0;;225;83;4;63;62;;1;12;;
Papendrecht;G0590;10427;Zuid-Holland;P28;3229;2868;0;;2868;43;916;1053;201;139;106;393;14;3
Peize;G0124;10501;Drenthe;P22;1610;1312;0;;1312;19;650;64;66;293;178;;39;3
Peursum;G1154;10391;Zuid-Holland;P28;252;230;0;;230;;35;98;17;51;;29;;
Philippine;G0699;10486;Zeeland;P29;632;588;0;;588;487;49;14;12;4;2;2;10;8
Piershil;G0591;10179;Zuid-Holland;P28;542;472;0;;472;1;121;136;35;72;3;102;2;
Pijnacker;G0594;10031;Zuid-Holland;P28;3990;3708;0;;3708;1161;508;520;990;176;40;238;17;58
Poederoijen;G1155;10135;Gelderland;P25;849;740;0;;740;2;174;208;39;18;3;291;3;2
Polsbroek;G0338;10993;Utrecht;P26;526;500;0;;500;85;40;206;85;12;4;62;6;
Poortugal;G0592;11395;Zuid-Holland;P28;1691;1435;0;;1435;109;531;323;206;148;30;63;24;1
Poortvliet;G0700;11181;Zeeland;P29;1004;920;0;;920;3;39;154;200;22;1;488;13;
Posterholt;G0956;10456;Limburg;P31;1203;1123;0;;1123;1063;20;3;;2;2;;1;32
Purmerend;G0439;11066;Noord-Holland;P27;4081;3810;0;;3810;1094;1231;201;88;447;576;7;147;19
Putte;G0833;10099;Noord-Brabant;P30;948;738;0;;738;534;110;21;4;10;24;4;12;19
Putten;G0273;11109;Gelderland;P25;5303;5606;0;;5606;163;839;976;2297;172;285;796;55;23
Puttershoek;G0593;10222;Zuid-Holland;P28;1490;1353;0;;1353;61;486;308;140;188;12;136;17;5
Raalte;G0177;10279;Overijssel;P23;6109;5840;0;;5840;4206;501;88;875;100;22;11;18;19
Raamsdonk;G0834;11391;Noord-Brabant;P30;3812;3445;0;;3445;2444;155;171;498;35;24;93;10;15
Rauwerderhem;G0087;10330;Fryslân;P21;1627;1475;0;;1475;183;747;190;108;140;47;;59;1
Ravenstein;G0835;10805;Noord-Brabant;P30;2574;2385;0;;2385;2277;43;10;9;15;5;2;4;20
Reeuwijk;G0595;10485;Zuid-Holland;P28;2783;2603;0;;2603;727;585;566;157;271;84;178;18;17
Renesse;G1159;10412;Zeeland;P29;544;662;0;;662;26;184;72;83;249;12;28;6;2
Renkum;G0274;11325;Gelderland;P25;12619;11990;0;;11990;2585;2737;2369;1791;1304;505;287;253;159
Renswoude;G0339;10269;Utrecht;P26;1182;1115;0;;1115;35;193;326;319;40;7;187;8;
Retranchement;G0701;10400;Zeeland;P29;445;417;0;;417;14;175;48;59;72;5;7;36;1
Reusel;G0836;10162;Noord-Brabant;P30;1375;1347;0;;1347;1319;12;7;6;;;1;;2
Rheden;G0275;11355;Gelderland;P25;18078;17049;0;;17049;2893;5839;2294;2934;1823;728;64;270;204
Rhenen;G0340;10309;Utrecht;P26;5441;5121;0;;5121;144;1905;910;846;254;61;946;43;12
Rhoon;G0596;10903;Zuid-Holland;P28;1606;1514;0;;1514;223;279;337;495;113;21;38;7;1
Ridderkerk;G0597;10646;Zuid-Holland;P28;10070;9333;0;;9333;89;2739;2626;1406;625;111;1690;38;9
Riethoven;G0837;10455;Noord-Brabant;P30;446;434;0;;434;427;3;;2;1;;;;1
Rietveld;G1160;10828;Zuid-Holland;P28;331;310;0;;310;66;28;74;103;10;2;22;1;4
Rijnsaterwoude;G0601;11129;Zuid-Holland;P28;413;396;0;;396;163;36;71;73;15;1;35;2;
Rijnsburg;G0602;11118;Zuid-Holland;P28;2817;2720;0;;2720;84;181;1393;978;16;2;60;2;4
Rijsbergen;G0841;10866;Noord-Brabant;P30;1544;1444;0;;1444;1301;59;27;14;4;4;2;13;20
Rijssen;G0178;10358;Overijssel;P23;6331;5707;0;;5707;645;774;1266;298;184;42;2462;20;16
Rijswijk;G0603;11133;Zuid-Holland;P28;13715;12382;0;;12382;3349;2947;2121;1062;1633;411;136;313;410
Rijswijk (NB);G0842;11016;Noord-Brabant;P30;412;375;0;;375;4;69;128;146;8;1;19;;
Rilland-Bath;G0702;10479;Zeeland;P29;1364;1270;0;;1270;143;225;149;410;86;7;204;39;7
Ritthem;G1163;10652;Zeeland;P29;317;302;0;;302;3;31;80;154;2;2;22;8;
Rockanje;G0598;10464;Zuid-Holland;P28;1970;2177;0;;2177;47;662;424;103;610;282;6;37;6
Roden;G0125;10699;Drenthe;P22;3571;3191;0;;3191;24;1429;525;382;520;213;7;78;13
Roermond;G0957;11313;Limburg;P31;11303;10543;0;;10543;8499;904;158;55;170;148;9;110;490
Roggel;G0958;10505;Limburg;P31;1221;1203;0;;1203;1193;2;1;1;;;;;6
Rolde;G0126;10470;Drenthe;P22;2085;1872;0;;1872;26;952;101;61;642;28;7;53;2
Roosendaal en Nispen;G0838;10407;Noord-Brabant;P30;16034;14689;0;;14689;11793;1741;392;165;134;172;15;74;203
Roosteren;G0959;10954;Limburg;P31;642;589;0;;589;544;24;3;2;4;1;1;2;8
Rosmalen;G0839;10970;Noord-Brabant;P30;3396;3205;0;;3205;2970;91;22;21;26;7;1;11;56
Rossum;G0276;10860;Gelderland;P25;897;808;0;;808;257;262;91;126;50;2;8;11;1
Rotterdam;G0599;10345;Zuid-Holland;P28;393492;342449;0;;342449;50518;131918;44334;22034;35738;41606;7626;6520;2155
Rozenburg;G0600;11314;Zuid-Holland;P28;1694;1601;0;;1601;11;235;542;623;153;3;24;10;
Rozendaal;G0277;10684;Gelderland;P25;803;754;0;;754;107;298;83;108;65;54;9;20;10
Rucphen;G0840;11152;Noord-Brabant;P30;4581;4218;0;;4218;3834;274;22;7;3;8;5;12;53
Ruinen;G0127;10629;Drenthe;P22;2989;2613;0;;2613;37;1027;418;288;686;55;19;79;4
Ruinerwold;G0128;10944;Drenthe;P22;1743;1600;0;;1600;9;464;395;165;538;7;;22;
Ruurlo;G0278;10879;Gelderland;P25;2802;2551;0;;2551;561;818;197;94;818;25;2;27;9
Ruwiel;G1164;10526;Utrecht;P26;341;307;0;;307;60;4;109;42;4;;88;;
Sappemeer;G1168;10080;Groningen;P20;4320;3832;0;;3832;391;1284;387;131;461;1026;4;131;17
Sas van Gent;G0704;11405;Zeeland;P29;1824;1644;0;;1644;750;504;27;60;182;29;9;36;47
Sassenheim;G0604;10612;Zuid-Holland;P28;3534;3368;0;;3368;1594;250;797;522;68;17;48;6;66
Schaesberg;G0960;11335;Limburg;P31;4206;3814;0;;3814;2911;369;51;65;8;298;3;16;93
Schagen;G0441;10511;Noord-Holland;P27;2780;2561;0;;2561;608;947;108;57;596;208;1;28;8
Schaijk;G0843;10276;Noord-Brabant;P30;1848;1762;0;;1762;1742;11;;;;1;;4;4
Schalkwijk;G1169;10378;Utrecht;P26;818;777;0;;777;643;15;42;48;2;3;8;2;14
Scheemda;G0039;10711;Groningen;P20;4180;3802;0;;3802;23;1341;732;767;378;484;3;68;6
Schellinkhout;G0442;10772;Noord-Holland;P27;349;329;0;;329;14;161;8;18;94;25;2;7;
Schelluinen;G0605;11399;Zuid-Holland;P28;282;261;0;;261;;99;47;6;44;2;62;1;
Schermerhorn;G0443;10308;Noord-Holland;P27;633;592;0;;592;217;189;105;7;21;44;3;6;
Scherpenisse;G0705;10375;Zeeland;P29;857;731;0;;731;2;146;88;72;58;4;344;15;2
Scherpenzeel;G0279;11146;Gelderland;P25;1307;1212;0;;1212;9;348;223;404;92;11;123;2;
Schiedam;G0606;11260;Zuid-Holland;P28;40301;36206;0;;36206;9366;12472;4033;3737;2756;2578;567;253;444
Schiermonnikoog;G0088;10355;Fryslân;P21;466;799;0;;799;41;232;265;87;123;11;2;37;1
Schijndel;G0844;11178;Noord-Brabant;P30;5035;4783;0;;4783;4465;190;10;18;4;29;3;12;52
Schimmert;G0961;11076;Limburg;P31;982;950;0;;950;917;12;;;1;1;;2;17
Schinnen;G0962;10132;Limburg;P31;2115;1942;0;;1942;1795;64;7;7;3;22;2;5;37
Schinveld;G0963;10492;Limburg;P31;1667;1552;0;;1552;1405;49;22;6;2;39;1;3;25
Schipluiden;G0607;10130;Zuid-Holland;P28;2264;2144;0;;2144;1205;50;386;420;14;10;23;3;33
Schoondijke;G0706;10189;Zeeland;P29;1189;1111;0;;1111;218;301;223;95;191;5;34;43;1
Schoonebeek;G0129;10064;Drenthe;P22;2194;2289;0;;2289;751;467;398;484;155;17;;9;8
Schoonhoven;G0608;10980;Zuid-Holland;P28;2808;2708;0;;2708;430;815;678;279;211;37;180;30;48
Schoonrewoerd;G0609;10214;Zuid-Holland;P28;606;555;0;;555;6;65;186;76;31;2;184;5;
Schoorl;G0444;10627;Noord-Holland;P27;1734;2404;0;;2404;503;1019;117;62;321;332;11;20;19
Serooskerke (Schouwen);G1175;11014;Zeeland;P29;155;134;0;;134;3;55;22;37;13;;1;3;
Serooskerke (Walcheren);G1176;11256;Zeeland;P29;972;1039;0;;1039;26;65;566;246;7;35;90;4;
Sevenum;G0964;10045;Limburg;P31;1852;1790;0;;1790;1766;3;;;2;3;;;16
's-Graveland;G0390;10534;Noord-Holland;P27;1012;911;0;;911;158;123;179;260;88;31;45;22;5
's-Gravendeel;G0517;10052;Zuid-Holland;P28;3022;2793;0;;2793;15;868;817;454;372;13;229;22;3
's-Gravenhage;G0518;11434;Zuid-Holland;P28;329271;289194;0;;289194;56357;87941;46478;21087;30123;24793;2776;12501;7138
's-Gravenmoer;G0787;10469;Noord-Brabant;P30;815;700;0;;700;18;34;377;192;52;7;12;7;1
's-Gravenpolder;G0666;11059;Zeeland;P29;788;741;0;;741;73;77;90;184;19;14;267;8;9
's-Gravenzande;G0519;10640;Zuid-Holland;P28;4260;4081;0;;4081;198;940;1022;1203;392;26;259;22;19
's-Heer Abtskerke;G0669;10337;Zeeland;P29;240;225;0;;225;33;24;20;105;19;1;17;6;
's-Heer Arendskerke;G0670;10875;Zeeland;P29;2606;2418;0;;2418;415;219;607;774;113;21;149;35;85
's-Heerenhoek;G0671;10721;Zeeland;P29;743;700;0;;700;605;7;12;21;3;1;;1;50
's-Hertogenbosch;G0796;10054;Noord-Brabant;P30;28544;26455;0;;26455;18725;4500;523;329;393;954;22;331;678
Sijbekarspel;G0447;11167;Noord-Holland;P27;802;774;0;;774;341;244;19;3;115;42;;8;2
Simpelveld;G0965;10515;Limburg;P31;2101;1913;0;;1913;1703;95;5;;11;41;;8;50
Sint Annaland;G0708;11200;Zeeland;P29;1626;1376;0;;1376;11;196;186;98;85;6;772;19;3
Sint Geertruid;G0966;10288;Limburg;P31;502;487;0;;487;477;3;1;2;1;;;;3
Sint Jansteen;G0709;10864;Zeeland;P29;1957;1661;0;;1661;1310;116;28;17;39;16;6;32;97
Sint Laurens;G1179;10106;Zeeland;P29;837;790;0;;790;12;66;337;218;51;3;80;22;1
Sint Maarten;G0445;10740;Noord-Holland;P27;809;743;0;;743;153;231;153;8;84;99;1;13;1
Sint Maartensdijk;G0711;10716;Zeeland;P29;1651;1427;0;;1427;2;516;156;90;79;14;553;17;
Sint Odiliënberg;G0967;10278;Limburg;P31;746;696;0;;696;647;23;1;2;;1;;1;21
Sint Pancras;G0446;10513;Noord-Holland;P27;899;833;0;;833;24;198;204;211;99;69;10;17;1
Sint Philipsland;G0712;10394;Zeeland;P29;1314;1181;0;;1181;4;93;168;167;49;3;669;28;
Sint-Michielsgestel;G0845;10496;Noord-Brabant;P30;3200;2958;0;;2958;2688;154;18;21;22;17;1;7;30
Sint-Oedenrode;G0846;10399;Noord-Brabant;P30;4405;4221;0;;4221;3977;109;3;30;13;37;;11;41
Sittard;G0968;11230;Limburg;P31;9470;8739;0;;8739;6888;964;72;41;70;223;9;72;400
Sleen;G0130;10489;Drenthe;P22;3392;3089;0;;3089;19;1185;482;404;677;281;6;32;3
Slenaken;G0969;11274;Limburg;P31;345;321;0;;321;275;9;3;4;5;2;;2;21
Sliedrecht;G0610;11331;Zuid-Holland;P28;8779;7171;0;;7171;66;2506;1177;1053;691;265;1332;65;16
Slochteren;G0040;10747;Groningen;P20;8094;7119;0;;7119;72;2468;1597;1067;1020;631;8;235;21
Sloten (F);G0089;10867;Fryslân;P21;398;409;0;;409;69;116;68;128;14;1;6;7;
Sluis;G0713;10895;Zeeland;P29;1328;1197;0;;1197;546;328;76;83;81;19;16;19;29
Smallingerland;G0090;10405;Fryslân;P21;10413;9499;0;;9499;98;3356;3354;969;476;1065;7;168;6
Smilde;G0131;11033;Drenthe;P22;3547;3192;0;;3192;10;952;1017;886;209;72;11;29;6
Sneek;G0091;11421;Fryslân;P21;10721;9919;0;;9919;1344;3190;2111;1596;768;700;26;162;22
Snelrewaard;G0341;10802;Utrecht;P26;311;295;0;;295;156;6;42;37;9;;44;;1
Soest;G0342;11021;Utrecht;P26;12600;11886;0;;11886;3297;2454;2444;865;1374;602;261;285;304
Someren;G0847;10203;Noord-Brabant;P30;3732;3567;0;;3567;3415;61;7;51;1;8;2;4;18
Sommelsdijk;G1184;11097;Zuid-Holland;P28;2257;2047;0;;2047;30;621;603;67;229;19;468;8;2
Son en Breugel;G0848;10549;Noord-Brabant;P30;1925;1850;0;;1850;1742;50;15;12;1;12;1;8;9
Spanbroek;G1186;10063;Noord-Holland;P27;1049;997;0;;997;804;137;3;2;35;12;;;4
Spaubeek;G0970;10552;Limburg;P31;837;788;0;;788;710;55;3;1;;7;1;5;6
Spijkenisse;G0612;10735;Zuid-Holland;P28;1553;1442;0;;1442;9;524;321;266;197;51;70;4;
Sprang-Capelle;G0849;11233;Noord-Brabant;P30;3283;2978;0;;2978;141;407;1065;701;89;26;511;32;6
Stad aan 't Haringvliet;G1188;11239;Zuid-Holland;P28;762;694;0;;694;4;116;230;60;123;2;158;1;
Stad Delden;G0179;10913;Overijssel;P23;2059;1978;0;;1978;1132;384;134;96;152;23;1;6;50
Standdaarbuiten;G0850;11212;Noord-Brabant;P30;994;950;0;;950;878;13;15;26;1;;1;;16
Staphorst;G0180;11362;Overijssel;P23;4643;4294;0;;4294;32;485;1584;486;387;17;1264;32;7
Stavenisse;G0714;10619;Zeeland;P29;1099;794;0;;794;3;118;100;54;54;1;457;7;
Stavoren;G0092;10240;Fryslân;P21;705;611;0;;611;8;130;184;221;24;26;2;15;1
Stedum;G0041;10771;Groningen;P20;1411;1328;0;;1328;3;279;556;314;113;34;2;27;
Steenbergen;G0851;10731;Noord-Brabant;P30;5705;5250;0;;5250;4461;350;100;89;92;49;36;39;34
Steenderen;G0280;10497;Gelderland;P25;2220;2068;0;;2068;915;277;345;311;193;7;6;4;10
Steenwijk;G0181;10546;Overijssel;P23;4979;4531;0;;4531;224;1984;756;844;451;204;25;33;10
Steenwijkerwold;G0182;11347;Overijssel;P23;4107;3803;0;;3803;629;1234;453;1077;251;102;25;29;3
Stein;G0971;11319;Limburg;P31;2645;2484;0;;2484;2156;129;29;31;;85;3;7;44
Stellendam;G1195;10087;Zuid-Holland;P28;1118;1020;0;;1020;9;223;436;123;65;15;145;;4
Stevensweert;G0972;11203;Limburg;P31;698;673;0;;673;598;36;1;8;2;3;3;7;15
Stiphout;G1196;11386;Noord-Brabant;P30;750;722;0;;722;683;26;1;;;4;;6;2
Stolwijk;G0615;11250;Zuid-Holland;P28;1658;1483;0;;1483;12;519;289;45;331;23;218;46;
Stoutenburg;G0343;10438;Utrecht;P26;869;824;0;;824;535;41;59;95;2;7;74;1;10
Stramproy;G0973;11186;Limburg;P31;894;842;0;;842;807;12;2;7;;1;1;1;11
Streefkerk;G0616;11105;Zuid-Holland;P28;1070;989;0;;989;;241;248;170;109;9;208;4;
Strijen;G0617;10558;Zuid-Holland;P28;3039;2798;0;;2798;11;969;583;491;483;19;220;22;
Susteren;G0974;10457;Limburg;P31;2519;2374;0;;2374;2071;210;18;5;6;24;7;1;32
Swalmen;G0975;10474;Limburg;P31;2876;2679;0;;2679;2512;56;13;5;8;7;;9;69
't Zandt;G0054;10956;Groningen;P20;1974;1835;0;;1835;8;639;511;290;279;32;4;70;2
Tegelen;G0976;11333;Limburg;P31;6496;6136;0;;6136;5684;148;19;4;15;77;2;11;176
Ten Boer;G0009;10891;Groningen;P20;3194;2967;0;;2967;7;824;1227;265;436;137;7;57;7
Ter Aar;G0480;11104;Zuid-Holland;P28;2131;2036;0;;2036;1203;40;276;383;35;6;75;2;16
Terheijden;G0853;10905;Noord-Brabant;P30;2463;2351;0;;2351;2097;159;13;36;12;8;3;2;21
Termunten;G0042;11023;Groningen;P20;2832;2226;0;;2226;12;665;612;222;261;387;3;62;2
Terneuzen;G0715;10704;Zeeland;P29;7472;6767;0;;6767;1127;2090;871;1117;558;137;595;126;146
Terschelling;G0093;11210;Fryslân;P21;2362;2691;0;;2691;52;1273;294;431;467;117;3;46;8
Teteringen;G0854;10677;Noord-Brabant;P30;1038;988;0;;988;888;42;12;8;11;4;;5;18
Texel;G0448;10237;Noord-Holland;P27;5441;6258;0;;6258;1327;2452;748;387;925;313;16;60;30
Tholen;G0716;10376;Zeeland;P29;2000;1774;0;;1774;132;228;273;426;138;7;520;43;7
Thorn;G0977;11195;Limburg;P31;1007;945;0;;945;914;11;1;;2;2;;2;13
Tiel;G0281;10027;Gelderland;P25;8238;7793;0;;7793;2031;3638;496;476;773;235;37;69;38
Tienhoven (Ut);G1202;10035;Utrecht;P26;344;345;0;;345;7;33;156;123;7;2;16;1;
Tienhoven (ZH);G0618;10706;Zuid-Holland;P28;211;191;0;;191;;29;104;16;14;2;25;1;
Tietjerksteradeel;G0094;11241;Fryslân;P21;10483;9708;0;;9708;78;2849;3289;2178;709;277;105;213;10
Tilburg;G0855;10792;Noord-Brabant;P30;60638;55217;0;;55217;41537;6824;779;400;661;2149;83;312;2472
Tubbergen;G0183;10694;Overijssel;P23;5956;5728;0;;5728;5144;166;33;318;35;14;6;3;9
Tull en 't Waal;G1205;11022;Utrecht;P26;252;245;0;;245;133;19;20;55;5;;8;1;4
Twisk;G0449;10371;Noord-Holland;P27;491;468;0;;468;11;265;43;15;107;21;2;3;1
Ubach over Worms;G0978;10146;Limburg;P31;3444;3033;0;;3033;2232;263;43;38;10;371;5;23;48
Ubbergen;G0282;10408;Gelderland;P25;3051;2973;0;;2973;2603;118;39;50;74;15;2;8;64
Uden;G0856;11141;Noord-Brabant;P30;4735;4602;0;;4602;4368;97;32;18;17;17;4;14;35
Udenhout;G0857;11268;Noord-Brabant;P30;2268;2128;0;;2128;2017;73;4;1;3;4;;8;18
Uitgeest;G0450;11238;Noord-Holland;P27;2495;2372;0;;2372;1266;499;46;22;105;414;1;14;5
Uithoorn;G0451;11206;Noord-Holland;P27;2456;2352;0;;2352;1386;235;204;371;53;44;18;11;30
Uithuizen;G0043;11137;Groningen;P20;2714;2535;0;;2535;342;612;642;338;283;253;;59;6
Uithuizermeeden;G0044;10246;Groningen;P20;3073;2924;0;;2924;16;634;1111;816;231;52;6;51;7
Ulestraten;G0979;11220;Limburg;P31;603;586;0;;586;552;5;1;;6;1;;;21
Ulrum;G0045;10180;Groningen;P20;2394;2194;0;;2194;4;463;1223;210;173;87;3;27;4
Urk;G0184;10783;Noord-Holland;P27;2232;2203;0;;2203;15;77;1428;210;14;58;399;2;
Urmond;G0980;10700;Limburg;P31;1375;1243;0;;1243;1098;80;8;11;8;9;2;9;18
Ursem;G0452;10696;Noord-Holland;P27;753;726;0;;726;557;97;8;5;22;31;1;5;
Usquert;G0046;11035;Groningen;P20;1131;1055;0;;1055;22;673;55;66;158;48;;26;7
Utingeradeel;G0095;10140;Fryslân;P21;3187;2930;0;;2930;36;1404;330;443;334;210;35;136;2
Utrecht;G0344;10722;Utrecht;P26;109085;96969;0;;96969;26811;29562;13562;6311;7081;7412;1190;2725;2315
Vaals;G0981;10007;Limburg;P31;4668;4134;0;;4134;3183;144;41;38;20;543;7;24;134
Valburg;G0283;11071;Gelderland;P25;3925;3652;0;;3652;1323;531;611;644;141;35;337;18;12
Valkenburg (ZH);G0619;10028;Zuid-Holland;P28;615;818;0;;818;71;120;216;305;43;6;32;14;11
Valkenburg-Houthem;G0982;11077;Limburg;P31;5159;6175;0;;6175;4308;557;220;134;400;174;9;67;306
Valkenswaard;G0858;11031;Noord-Brabant;P30;6325;6045;0;;6045;5041;595;72;57;70;43;3;37;127
Varik;G0284;11064;Gelderland;P25;709;646;0;;646;138;202;67;160;38;3;28;9;1
Veen;G0859;10015;Noord-Brabant;P30;598;495;0;;495;3;52;117;106;7;2;201;4;3
Veendam;G0047;11292;Groningen;P20;8583;7806;0;;7806;527;3719;936;563;1039;816;9;174;23
Veenendaal;G0345;11052;Utrecht;P26;7144;6693;0;;6693;208;1590;2285;1552;169;88;766;31;4
Veere;G0717;10369;Zeeland;P29;661;659;0;;659;30;141;213;137;58;3;56;20;1
Veghel;G0860;10985;Noord-Brabant;P30;5080;4910;0;;4910;4636;95;36;32;12;27;6;5;61
Veldhoven;G0861;10071;Noord-Brabant;P30;4572;4421;0;;4421;4102;150;39;43;26;22;7;7;25
Veldhuizen;G1207;10713;Utrecht;P26;453;431;0;;431;245;38;37;75;7;3;9;5;12
Velsen;G0453;10620;Noord-Holland;P27;23703;21857;0;;21857;5047;6926;2572;1845;1537;3363;158;282;127
Venhuizen;G0454;10433;Noord-Holland;P27;1815;1726;0;;1726;864;563;31;20;168;63;3;10;4
Venlo;G0983;10477;Limburg;P31;22104;20918;0;;20918;17096;1793;238;154;185;573;15;75;789
Venray;G0984;11222;Limburg;P31;7002;6771;0;;6771;6471;103;14;11;22;41;3;10;96
Vessem, Wintelre en Knegsel;G0862;11414;Noord-Brabant;P30;885;866;0;;866;844;7;7;;2;;;;6
Vianen;G0620;10887;Zuid-Holland;P28;2213;2022;0;;2022;451;576;284;305;172;27;148;41;18
Vierlingsbeek;G0863;10066;Noord-Brabant;P30;2576;2508;0;;2508;2416;41;4;18;2;8;;6;13
Vierpolders;G0621;11056;Zuid-Holland;P28;571;530;0;;530;2;185;60;47;170;60;2;3;1
Vinkeveen en Waverveen;G0346;11048;Utrecht;P26;2587;2385;0;;2385;1329;74;332;321;45;13;204;19;48
Vlaardingen;G0622;10811;Zuid-Holland;P28;24761;22381;0;;22381;2131;8524;3999;4341;1247;923;974;139;103
Vlagtwedde;G0048;11249;Groningen;P20;8745;7721;0;;7721;1235;2399;1103;1551;613;659;9;137;15
Vledder;G0132;11120;Drenthe;P22;1515;1355;0;;1355;82;635;164;130;176;122;9;36;1
Vleuten;G1211;10658;Utrecht;P26;2098;1988;0;;1988;999;183;251;428;47;22;31;12;15
Vlieland;G0096;10211;Fryslân;P21;427;816;0;;816;48;396;117;62;144;30;;13;6
Vlijmen;G0864;11293;Noord-Brabant;P30;3985;3704;0;;3704;3433;113;25;25;11;26;2;14;55
Vlissingen;G0718;10270;Zeeland;P29;12574;12116;0;;12116;1514;5168;1720;1464;926;678;216;336;94
Vlist;G0623;11174;Zuid-Holland;P28;275;255;0;;255;47;37;74;27;19;;48;;3
Vlodrop;G0985;10644;Limburg;P31;795;751;0;;751;705;25;5;;1;5;;2;8
Voerendaal;G0986;11341;Limburg;P31;2383;2242;0;;2242;2043;98;6;2;14;29;;11;39
Vogelwaarde;G0719;10100;Zeeland;P29;2231;2035;0;;2035;1875;45;29;42;7;2;7;9;19
Vollenhove;G0185;11088;Overijssel;P23;2694;2729;0;;2729;242;493;912;863;108;41;52;14;4
Voorburg;G0624;11103;Zuid-Holland;P28;20807;18784;0;;18784;5141;4093;3295;1291;3201;481;83;567;632
Voorhout;G0625;10017;Zuid-Holland;P28;1782;1734;0;;1734;1373;42;57;172;7;2;2;1;78
Voorschoten;G0626;10537;Zuid-Holland;P28;4740;4365;0;;4365;1393;732;833;790;344;45;95;63;70
Voorst;G0285;10912;Gelderland;P25;9410;8697;0;;8697;2271;2151;500;1328;1606;635;127;50;29
Vorden;G0286;10957;Gelderland;P25;3133;2956;0;;2956;453;743;532;681;439;41;35;14;18
Vreeland;G1213;10898;Utrecht;P26;575;535;0;;535;45;105;122;120;71;15;44;5;8
Vreeswijk;G0348;10441;Utrecht;P26;1779;1565;0;;1565;615;347;224;244;22;11;69;18;15
Vries;G0133;10630;Drenthe;P22;3517;3108;0;;3108;30;1317;310;156;815;321;15;131;13
Vriezenveen;G0186;10643;Overijssel;P23;5635;5040;0;;5040;330;963;625;2343;193;132;432;17;5
Vrouwenpolder;G1214;10635;Zeeland;P29;592;582;0;;582;4;18;373;116;9;4;48;5;5
Vught;G0865;11224;Noord-Brabant;P30;8211;7751;0;;7751;6167;692;162;104;247;80;9;53;237
Vuren;G0287;11376;Gelderland;P25;1080;996;0;;996;8;409;242;223;73;8;32;1;
Waalre;G0866;10959;Noord-Brabant;P30;3208;2942;0;;2942;2376;277;39;36;103;44;3;24;40
Waalwijk;G0867;11359;Noord-Brabant;P30;6740;6380;0;;6380;4895;411;248;506;76;49;43;46;106
Waarde;G0721;10082;Zeeland;P29;599;527;0;;527;2;48;46;137;33;3;233;24;1
Waardenburg;G0288;10238;Gelderland;P25;969;875;0;;875;11;314;46;207;42;3;243;6;3
Waarder;G1217;10830;Zuid-Holland;P28;516;471;0;;471;23;26;204;112;6;1;97;;2
Waddinxveen;G0627;10081;Zuid-Holland;P28;4424;4226;0;;4226;564;978;889;710;245;81;725;22;12
Wadenoijen;G1218;10201;Gelderland;P25;1357;1267;0;;1267;162;470;94;226;182;8;101;10;14
Wageningen;G0289;11010;Gelderland;P25;10089;9394;0;;9394;1462;2960;1282;1479;951;593;381;141;145
Wamel;G0290;10042;Gelderland;P25;3571;3397;0;;3397;3000;137;25;150;12;19;8;9;37
Wanneperveen;G0187;10105;Overijssel;P23;970;900;0;;900;6;228;142;415;75;8;17;9;
Wanroij;G0868;10265;Noord-Brabant;P30;1461;1413;0;;1413;1400;6;1;;1;;;1;4
Wanssum;G0987;10991;Limburg;P31;533;512;0;;512;504;5;1;;1;;;;1
Warder;G0455;11073;Noord-Holland;P27;325;299;0;;299;8;122;10;8;103;38;;10;
Warffum;G0049;10498;Groningen;P20;1512;1413;0;;1413;9;639;426;88;206;19;2;24;
Warmenhuizen;G0456;10221;Noord-Holland;P27;1280;1241;0;;1241;815;165;91;3;58;103;1;1;4
Warmond;G0628;10204;Zuid-Holland;P28;1772;1767;0;;1767;1121;215;98;153;105;9;17;14;35
Warnsveld;G0291;10838;Gelderland;P25;3264;2554;0;;2554;308;805;411;538;405;54;6;21;6
Waspik;G0869;10402;Noord-Brabant;P30;1764;1646;0;;1646;1312;33;93;135;9;8;34;4;18
Wassenaar;G0629;10164;Zuid-Holland;P28;13648;12202;0;;12202;3499;1682;2110;1228;2398;170;107;319;689
Wateringen;G0630;11329;Zuid-Holland;P28;2881;2808;0;;2808;1987;108;207;359;43;11;9;6;78
Waterlandkerkje;G0722;10352;Zeeland;P29;317;296;0;;296;104;55;25;43;29;2;27;9;2
Wedde;G1220;10247;Groningen;P20;2189;2040;0;;2040;17;913;174;220;303;359;5;44;5
Weerselo;G0188;10893;Overijssel;P23;3903;3794;0;;3794;3583;59;19;72;25;14;13;3;6
Weert;G0988;11081;Limburg;P31;9468;9026;0;;9026;8187;322;61;39;43;66;5;29;274
Weesp;G0457;10773;Noord-Holland;P27;4562;4264;0;;4264;838;1400;638;714;168;355;53;54;44
Weesperkarspel;G1221;10377;Noord-Holland;P27;2003;1850;0;;1850;569;296;313;454;41;88;45;25;19
Wehl;G0292;11116;Gelderland;P25;1881;1751;0;;1751;1582;63;15;57;8;6;1;2;17
Wemeldinge;G0723;11145;Zeeland;P29;1501;1355;0;;1355;17;245;310;456;185;10;110;19;3
Werkendam;G0870;10078;Noord-Brabant;P30;2123;1736;0;;1736;22;486;459;373;69;25;299;2;1
Werkhoven;G1223;11299;Utrecht;P26;568;555;0;;555;379;23;65;39;5;3;40;;1
Wervershoof;G0459;11270;Noord-Holland;P27;1962;1893;0;;1893;1770;59;14;3;10;18;2;1;16
Wessem;G0989;10127;Limburg;P31;703;650;0;;650;613;21;1;2;5;1;;;7
Westbroek;G1224;10145;Utrecht;P26;693;640;0;;640;75;110;175;188;9;7;66;10;
Westdongeradeel;G0097;10129;Fryslân;P21;4458;4174;0;;4174;28;967;1502;1174;282;154;36;30;1
Westdorpe;G0724;10915;Zeeland;P29;1247;1102;0;;1102;797;170;20;17;42;11;3;11;31
Westerbork;G0134;11095;Drenthe;P22;3042;2958;0;;2958;37;1459;592;305;466;50;21;28;
Westerhoven;G0871;11041;Noord-Brabant;P30;424;400;0;;400;393;2;2;;3;;;;
Westervoort;G0293;11085;Gelderland;P25;1358;1294;0;;1294;900;146;80;114;18;11;6;3;16
Westkapelle;G0726;10931;Zeeland;P29;1260;1185;0;;1185;11;398;149;293;79;23;202;26;4
Westmaas;G0631;10695;Zuid-Holland;P28;567;536;0;;536;3;91;191;150;62;4;29;6;
Weststellingwerf;G0098;11322;Fryslân;P21;11748;10510;0;;10510;1076;4596;888;1366;1044;1250;16;256;18
Westwoud;G0460;11101;Noord-Holland;P27;736;708;0;;708;458;154;9;12;61;8;;3;3
Westzaan;G0461;11381;Noord-Holland;P27;1999;1838;0;;1838;64;578;274;91;136;606;58;28;3
Wierden;G0189;10676;Overijssel;P23;7738;7350;0;;7350;1995;879;1658;1995;258;73;467;20;5
Wieringen;G0462;11277;Noord-Holland;P27;4003;3674;0;;3674;310;1460;353;167;696;646;14;26;2
Wieringermeer;G0463;10239;Noord-Holland;P27;2062;2477;0;;2477;557;566;568;329;268;153;21;11;4
Wieringerwaard;G0464;11164;Noord-Holland;P27;843;740;0;;740;38;309;53;16;188;116;;18;2
Wijchen;G0296;10723;Gelderland;P25;4221;3973;0;;3973;3705;132;23;21;17;6;3;16;50
Wijdenes;G0469;10631;Noord-Holland;P27;636;599;0;;599;22;363;16;15;130;42;;9;2
Wijdewormer;G0470;10434;Noord-Holland;P27;437;403;0;;403;154;97;23;20;61;43;;5;
Wijhe;G0190;10888;Overijssel;P23;3197;2981;0;;2981;799;861;260;676;319;23;23;14;6
Wijk bij Duurstede;G0352;10760;Utrecht;P26;1974;1898;0;;1898;1031;265;134;280;92;11;25;26;34
Wijk en Aalburg;G0876;11084;Noord-Brabant;P30;1570;1394;0;;1394;14;206;343;64;43;6;714;2;2
Wijlre;G0991;10131;Limburg;P31;1261;1223;0;;1223;1122;40;;3;4;6;1;7;40
Wijnandsrade;G0992;10992;Limburg;P31;385;384;0;;384;347;18;6;2;1;3;;;7
Wijngaarden;G0634;10263;Zuid-Holland;P28;232;219;0;;219;1;10;91;5;7;;104;1;
Wildervank;G1225;10825;Groningen;P20;6024;5418;0;;5418;209;2237;1043;562;729;515;11;99;13
Willemstad;G0872;10827;Noord-Brabant;P30;1110;1030;0;;1030;96;140;263;450;42;5;31;1;2
Willeskop;G0349;10758;Utrecht;P26;459;432;0;;432;224;49;44;69;6;2;27;6;5
Wilnis;G0350;10365;Utrecht;P26;1338;1258;0;;1258;477;11;387;258;9;6;80;2;28
Winkel;G0465;10923;Noord-Holland;P27;1329;1226;0;;1226;38;588;67;22;183;295;2;30;1
Winschoten;G0052;10453;Groningen;P20;9261;8309;0;;8309;353;3161;1229;676;1296;1374;7;188;25
Winsum;G0053;11135;Groningen;P20;1774;1682;0;;1682;2;509;810;98;216;16;2;25;4
Winterswijk;G0294;11119;Gelderland;P25;12168;11281;0;;11281;1464;5582;1080;616;2199;227;17;66;30
Wisch;G0295;10318;Gelderland;P25;6850;6309;0;;6309;2045;1392;901;1133;659;79;18;49;33
Wissenkerke;G0727;10243;Zeeland;P29;2238;2022;0;;2022;18;242;703;700;98;15;205;38;3
Wittem;G0990;11371;Limburg;P31;2626;2627;0;;2627;2307;112;41;23;38;18;;19;69
Woensdrecht;G0873;10602;Noord-Brabant;P30;2267;2123;0;;2123;1817;158;40;30;40;8;2;17;11
Woerden;G0632;10974;Zuid-Holland;P28;5665;5295;0;;5295;1322;927;903;1202;275;58;309;29;270
Wognum;G0466;10818;Noord-Holland;P27;1235;1209;0;;1209;889;184;16;16;62;37;;5;
Wolphaartsdijk;G0728;10543;Zeeland;P29;1595;1438;0;;1438;32;123;296;574;94;3;270;29;17
Wonseradeel;G0099;10454;Fryslân;P21;7577;6889;0;;6889;642;1660;1887;1983;386;191;50;83;7
Workum;G0100;10768;Fryslân;P21;2296;2151;0;;2151;500;499;391;663;55;30;3;6;4
Wormer;G0467;10648;Noord-Holland;P27;3067;2902;0;;2902;859;865;324;48;147;625;9;23;2
Wormerveer;G0468;10361;Noord-Holland;P27;6507;6013;0;;6013;905;2012;611;108;350;1949;7;56;15
Woubrugge;G0633;10461;Zuid-Holland;P28;1402;1319;0;;1319;568;91;234;263;62;8;83;9;1
Woudenberg;G0351;11398;Utrecht;P26;2345;2136;0;;2136;32;559;493;523;180;13;305;25;6
Woudrichem;G0874;10282;Noord-Brabant;P30;1247;1140;0;;1140;12;502;307;153;83;18;58;7;
Wouw;G0875;10808;Noord-Brabant;P30;2983;2758;0;;2758;2484;159;10;14;12;39;3;19;18
Wymbritseradeel;G0101;11427;Fryslân;P21;6528;6212;0;;6212;785;773;1601;2807;184;34;2;25;1
Yerseke;G0729;11247;Zeeland;P29;2893;2658;0;;2658;122;611;483;562;162;63;612;35;8
Zaamslag;G0731;11173;Zeeland;P29;2211;2048;0;;2048;27;362;746;626;97;6;150;18;16
Zaandam;G0471;11044;Noord-Holland;P27;25394;23466;0;;23466;3157;8434;3309;831;1343;5717;172;436;67
Zaandijk;G0472;11404;Noord-Holland;P27;2658;2402;0;;2402;169;954;289;72;212;671;2;32;1
Zaltbommel;G0297;10557;Gelderland;P25;2849;2646;0;;2646;431;1198;294;269;299;41;67;22;25
Zandvoort;G0473;10910;Noord-Holland;P27;5267;5472;0;;5472;873;2037;463;601;800;466;11;133;88
Zeeland;G0877;10759;Noord-Brabant;P30;1640;1561;0;;1561;1543;6;2;;1;3;;2;4
Zegveld;G0354;10949;Utrecht;P26;654;626;0;;626;117;11;227;184;4;1;80;;2
Zeist;G0355;10324;Utrecht;P26;23817;21204;0;;21204;2693;5323;5327;2801;2629;568;764;746;353
Zelhem;G0298;11159;Gelderland;P25;3918;3644;0;;3644;403;932;1042;709;318;32;149;48;11
Zevenaar;G0299;10938;Gelderland;P25;4125;3927;0;;3927;3185;301;62;123;66;26;5;26;133
Zevenbergen;G0878;10046;Noord-Brabant;P30;4602;4415;0;;4415;3236;209;222;589;44;37;11;19;48
Zevenhoven;G0635;11317;Zuid-Holland;P28;564;538;0;;538;283;40;75;99;16;4;11;1;9
Zevenhuizen;G0636;11377;Zuid-Holland;P28;1758;1612;0;;1612;27;547;238;345;240;27;165;18;5
Zierikzee;G0732;10843;Zeeland;P29;4203;3822;0;;3822;441;1309;875;403;566;27;133;58;10
Zijpe;G0476;10004;Noord-Holland;P27;3366;3112;0;;3112;885;1177;75;47;550;299;5;63;11
Zoelen;G0300;10897;Gelderland;P25;1532;1428;0;;1428;24;738;137;250;171;19;54;31;4
Zoetermeer;G0637;10766;Zuid-Holland;P28;3117;2864;0;;2864;892;453;416;465;144;30;406;20;38
Zoeterwoude;G0638;11074;Zuid-Holland;P28;2573;2380;0;;2380;1727;83;172;274;51;11;39;5;18
Zonnemaire;G1236;10040;Zeeland;P29;514;509;0;;509;3;241;106;49;98;2;6;4;
Zoutelande;G1237;10779;Zeeland;P29;540;631;0;;631;22;61;145;209;60;2;118;8;6
Zuid- en Noord-Schermer;G0474;11311;Noord-Holland;P27;570;520;0;;520;55;260;22;16;61;81;19;3;3
Zuid-Beijerland;G0639;10917;Zuid-Holland;P28;1499;1398;0;;1398;11;299;412;297;142;5;220;10;2
Zuidbroek;G1240;11282;Groningen;P20;1683;1465;0;;1465;26;543;234;46;176;345;5;85;5
Zuiddorpe;G0734;11087;Zeeland;P29;522;482;0;;482;376;58;9;5;5;2;1;7;19
Zuidhorn;G0056;10021;Groningen;P20;2194;2026;0;;2026;38;607;751;192;349;50;2;34;3
Zuidland;G0640;10316;Zuid-Holland;P28;1150;1045;0;;1045;2;124;597;140;147;4;25;6;
Zuidlaren;G0136;10002;Drenthe;P22;2890;2750;0;;2750;36;1063;697;132;584;154;2;76;6
Zuidwolde;G0137;10262;Drenthe;P22;3549;3290;0;;3290;45;957;880;803;489;46;21;44;5
Zuidzande;G0735;10437;Zeeland;P29;605;543;0;;543;18;213;53;42;144;15;18;40;
Zuilen;G1242;10059;Utrecht;P26;12370;11455;0;;11455;2896;4565;1358;881;274;1031;154;190;106
Zuilichem;G1243;11036;Gelderland;P25;635;559;0;;559;3;180;133;36;1;3;198;5;
Zundert;G0879;11192;Noord-Brabant;P30;4376;3818;0;;3818;3344;182;48;41;19;27;8;41;108
Zutphen;G0301;10254;Gelderland;P25;13252;12097;0;;12097;1571;5100;1090;1132;1540;1433;40;132;59
Zwaag;G0475;10218;Noord-Holland;P27;1161;1096;0;;1096;747;238;9;7;78;11;;2;4
Zwammerdam;G1244;10675;Zuid-Holland;P28;1441;1318;0;;1318;378;178;284;273;98;9;87;8;3
Zwartewaal;G0641;10703;Zuid-Holland;P28;361;357;0;;357;2;148;93;7;83;9;9;6;
Zwartsluis;G0192;10303;Overijssel;P23;1957;1795;0;;1795;18;273;929;396;85;32;52;8;2
Zweeloo;G0138;10872;Drenthe;P22;1273;1191;0;;1191;10;474;293;70;328;8;4;4;
Zwijndrecht;G0642;10468;Zuid-Holland;P28;7794;7146;0;;7146;278;1685;2204;1684;396;299;543;35;22
Zwolle;G0193;10093;Overijssel;P23;27944;25389;0;;25389;4734;9147;3915;2773;2332;1505;415;392;176
Zwollerkerspel;G1245;10654;Overijssel;P23;5362;4887;0;;4887;736;930;1233;1311;332;70;242;27;6
